treat,age,educ,black,hisp,married,nodegr,re74,re75,re78
1.0,2,1,1,0,1,1,0,0,10
1.0,0,0,0,1,0,1,0,0,0
1.0,2,1,1,0,0,0,0,0,194
1.0,1,1,1,0,0,1,0,0,0
1.0,2,0,1,0,0,1,0,0,0
1.0,0,0,1,0,0,1,0,0,0
1.0,0,1,1,0,0,0,0,0,0
1.0,2,1,1,0,0,1,0,0,0
1.0,0,3,1,0,0,0,0,0,0
1.0,2,1,0,0,1,0,0,0,30
1.0,0,0,1,0,0,1,0,0,0
1.0,0,2,1,0,0,0,0,0,102
1.0,0,0,1,0,0,1,0,0,0
1.0,1,1,1,0,1,1,0,0,123
1.0,0,0,1,0,0,1,0,0,0
1.0,0,1,1,0,0,1,0,0,0
1.0,1,2,1,0,0,0,0,0,68
1.0,0,1,1,0,0,1,0,0,0
1.0,2,1,1,0,0,0,0,0,20
1.0,1,1,1,0,0,0,0,0,19
1.0,0,1,1,0,0,1,0,0,0
1.0,2,2,0,0,0,0,0,0,0
1.0,2,0,0,0,0,1,0,0,0
1.0,1,1,1,0,0,1,0,0,0
1.0,0,1,1,0,0,1,0,0,22
1.0,2,1,1,0,1,1,0,0,6
1.0,1,1,1,0,0,1,0,0,8
1.0,1,1,0,1,0,1,0,0,22
1.0,0,1,1,0,0,1,0,0,95
1.0,1,1,1,0,0,1,0,0,0
1.0,0,1,1,0,0,1,0,0,0
1.0,3,0,1,0,0,1,0,0,0
1.0,1,1,1,0,1,1,0,0,0
1.0,0,1,1,0,0,0,0,0,0
1.0,1,1,1,0,0,0,0,0,0
1.0,3,2,1,0,0,0,0,0,145
1.0,1,0,1,0,0,1,0,0,0
1.0,0,1,1,0,1,0,0,0,0
1.0,3,0,1,0,1,1,0,0,0
1.0,1,1,1,0,0,1,0,0,0
1.0,0,1,1,0,0,0,0,0,0
1.0,0,0,0,0,0,1,0,0,45
1.0,0,0,1,0,0,1,0,0,0
1.0,0,0,0,1,1,1,0,0,0
1.0,0,1,1,0,0,1,0,0,0
1.0,1,1,1,0,1,1,0,0,0
1.0,0,0,1,0,0,1,0,0,0
1.0,0,0,1,0,0,1,0,0,0
1.0,1,0,1,0,0,1,0,0,29
1.0,0,1,1,0,0,0,0,0,0
1.0,1,0,1,0,0,1,0,0,0
1.0,2,1,1,0,1,1,0,0,0
1.0,0,1,1,0,0,1,0,0,0
1.0,1,1,1,0,0,0,0,0,0
1.0,2,1,1,0,1,1,0,0,0
1.0,0,1,1,0,0,1,0,0,0
1.0,2,0,1,0,0,1,0,0,0
1.0,2,0,1,0,1,1,0,0,0
1.0,3,2,1,0,1,0,0,0,44
1.0,0,1,0,0,0,1,0,0,0
1.0,0,0,1,0,0,1,0,0,0
1.0,2,0,1,0,0,1,0,0,0
1.0,2,1,1,0,0,1,0,0,0
1.0,1,1,1,0,0,1,0,0,0
1.0,2,0,1,0,0,1,0,0,0
1.0,1,0,1,0,0,1,0,0,19
1.0,1,1,1,0,0,1,0,0,0
1.0,0,0,0,0,0,1,0,0,0
1.0,3,0,1,0,1,1,0,0,0
1.0,2,2,1,0,0,0,0,0,0
1.0,1,0,1,0,0,1,0,0,0
1.0,3,2,1,0,0,0,0,0,0
1.0,0,0,1,0,0,1,0,0,0
1.0,1,1,1,0,0,0,0,0,23
1.0,1,3,1,0,0,0,0,0,5
1.0,1,1,0,0,0,1,0,0,125
1.0,0,1,1,0,0,0,0,0,122
1.0,0,0,1,0,0,1,0,0,0
1.0,2,1,1,0,0,1,0,0,167
1.0,0,1,1,0,0,1,0,0,0
1.0,1,1,1,0,0,0,0,0,0
1.0,0,1,1,0,0,0,0,0,0
1.0,2,1,0,0,0,0,0,0,0
1.0,1,2,1,0,0,0,0,0,0
1.0,1,0,1,0,0,1,0,0,0
1.0,2,1,1,0,0,1,0,0,0
1.0,0,0,0,1,0,1,0,0,0
1.0,1,1,1,0,0,1,0,0,104
1.0,0,1,0,0,0,0,0,0,0
1.0,1,0,1,0,0,1,0,0,0
1.0,2,1,1,0,1,1,0,0,64
1.0,0,1,1,0,0,1,0,0,0
1.0,1,1,1,0,0,1,0,0,0
1.0,0,1,1,0,0,0,0,0,13
1.0,3,1,1,0,0,1,0,0,0
1.0,1,1,0,0,0,0,0,0,0
1.0,0,0,1,0,0,1,0,0,0
1.0,3,1,1,0,0,0,0,0,0
1.0,1,1,1,0,0,1,0,0,0
1.0,2,0,0,1,0,1,0,0,220
1.0,1,1,1,0,0,1,0,0,0
1.0,1,1,1,0,0,1,0,0,1
1.0,1,1,1,0,0,1,0,0,0
1.0,0,1,1,0,0,1,0,0,0
1.0,0,1,1,0,0,1,0,0,0
1.0,3,0,1,0,0,1,0,0,0
1.0,1,2,1,0,0,0,0,0,303
1.0,0,0,1,0,0,1,0,0,0
1.0,2,1,1,0,0,1,0,0,0
1.0,1,1,1,0,1,1,0,0,0
1.0,0,0,1,0,0,1,1,0,0
1.0,0,0,0,1,0,1,0,0,0
1.0,0,1,1,0,0,0,0,0,0
1.0,0,1,1,0,0,1,0,0,0
1.0,1,1,1,0,1,0,0,0,0
1.0,0,1,0,0,0,0,0,0,32
1.0,1,1,1,0,0,0,0,0,158
1.0,0,1,1,0,0,0,0,0,0
1.0,0,1,1,0,0,1,0,0,0
1.0,0,1,1,0,0,0,0,0,0
1.0,2,2,1,0,0,0,0,0,109
1.0,0,1,1,0,0,1,0,0,7
1.0,0,0,1,0,0,1,0,0,107
1.0,1,2,0,0,1,0,1,0,0
1.0,0,1,0,0,0,1,0,0,0
1.0,1,0,1,0,1,1,0,0,0
1.0,0,1,1,0,0,0,0,0,0
1.0,0,1,1,0,1,1,0,0,22
1.0,0,1,0,1,0,0,1,0,0
1.0,0,1,1,0,0,1,0,0,0
1.0,0,0,1,0,0,1,0,0,0
1.0,1,1,1,0,0,1,0,0,365
1.0,1,1,1,0,1,1,0,0,0
1.0,0,1,1,0,0,1,1,0,0
1.0,1,1,1,0,1,1,0,0,0
1.0,2,0,1,0,0,1,0,0,17
1.0,0,0,0,0,1,1,0,0,0
1.0,0,1,1,0,0,1,0,0,22
1.0,2,1,1,0,0,0,1,0,0
1.0,1,1,0,0,0,1,0,0,49
1.0,1,0,1,0,0,1,1,0,0
1.0,1,1,1,0,0,0,1,0,0
1.0,1,1,1,0,0,1,0,0,0
1.0,3,0,1,0,0,1,0,0,0
1.0,2,1,0,0,0,0,0,0,0
1.0,0,1,1,0,0,1,0,0,0
1.0,0,0,1,0,0,1,0,0,11
1.0,1,1,1,0,0,1,0,0,0
1.0,1,1,1,0,1,1,0,0,214
1.0,0,1,1,0,0,1,0,0,0
1.0,1,1,1,0,0,1,0,0,0
1.0,1,1,1,0,0,0,1,0,0
1.0,0,0,1,0,0,1,0,0,0
1.0,0,1,1,0,0,0,1,0,0
1.0,3,0,1,0,1,1,0,0,0
1.0,1,2,1,0,0,0,1,0,0
1.0,0,0,1,0,0,1,0,0,0
1.0,0,1,1,0,0,0,1,0,1
1.0,1,1,1,0,0,1,0,0,0
1.0,0,0,1,0,0,1,0,0,0
1.0,0,0,1,0,0,1,0,0,0
1.0,2,0,1,0,0,1,1,0,0
1.0,1,1,1,0,1,1,1,0,0
1.0,2,1,1,0,0,1,0,0,0
1.0,2,1,1,0,0,0,1,0,20
1.0,0,1,0,0,0,1,0,0,54
1.0,0,1,0,1,1,1,0,1,0
1.0,2,0,1,0,0,1,1,1,4
1.0,0,1,1,0,1,1,0,1,46
1.0,0,0,1,0,0,1,1,1,0
1.0,0,1,1,0,0,1,0,1,0
1.0,1,1,1,0,1,0,1,1,0
1.0,0,0,0,1,0,1,1,1,0
1.0,0,1,1,0,0,1,0,1,0
1.0,1,1,1,0,0,1,2,1,0
1.0,1,1,1,0,0,1,0,1,0
1.0,0,1,0,1,1,0,0,1,14
1.0,2,1,1,0,0,1,0,1,0
1.0,0,1,0,0,0,0,1,1,34
1.0,2,1,0,1,0,1,0,1,0
1.0,2,1,1,0,1,0,2,1,91
1.0,1,2,1,0,1,0,3,1,313
1.0,2,0,1,0,1,1,1,1,38
1.0,2,0,1,0,1,1,1,2,0
1.0,2,1,1,0,1,1,1,2,0
0.0,3,1,0,0,0,0,0,0,0
0.0,3,1,1,0,1,0,0,0,0
0.0,3,1,0,0,0,0,0,0,0
0.0,1,1,1,0,1,0,0,0,0
0.0,3,1,0,0,1,0,0,0,0
0.0,3,1,0,1,1,0,0,0,0
0.0,3,1,0,0,1,0,0,0,0
0.0,1,1,1,0,0,0,0,0,0
0.0,3,1,0,0,1,0,0,0,0
0.0,3,1,1,0,1,0,0,0,0
0.0,0,1,1,0,0,0,0,0,0
0.0,3,2,0,0,1,0,0,0,0
0.0,3,2,0,0,1,0,0,0,0
0.0,2,2,1,0,1,0,0,0,0
0.0,2,3,0,0,1,0,0,0,22
0.0,3,2,0,1,1,0,0,0,0
0.0,3,1,0,0,1,0,0,0,0
0.0,3,3,0,0,1,0,0,0,0
0.0,2,3,0,0,1,0,0,0,0
0.0,0,1,0,0,0,0,0,0,0
0.0,2,3,0,0,0,0,0,0,0
0.0,3,1,0,0,1,0,0,0,0
0.0,3,1,0,0,0,0,0,0,0
0.0,3,3,0,0,1,0,0,0,0
0.0,1,3,0,0,0,0,0,0,0
0.0,3,1,0,0,1,0,0,0,48
0.0,2,3,0,0,1,0,0,0,0
0.0,1,3,0,0,1,0,0,0,22
0.0,2,3,0,0,1,0,0,0,0
0.0,2,1,0,0,1,0,0,0,0
0.0,2,2,0,0,1,0,0,0,0
0.0,2,3,0,1,1,0,0,0,0
0.0,2,3,0,0,1,0,0,0,0
0.0,2,1,0,0,1,0,0,0,0
0.0,1,2,0,0,1,0,0,0,243
0.0,3,1,0,0,1,0,0,0,0
0.0,2,2,0,0,1,0,0,0,0
0.0,1,2,0,0,0,0,0,0,0
0.0,3,3,0,0,0,0,0,0,0
0.0,3,1,0,0,1,0,0,0,41
0.0,3,3,0,0,1,0,0,0,0
0.0,2,2,0,0,1,0,0,0,0
0.0,2,1,0,0,1,0,0,0,0
0.0,2,1,0,0,1,0,0,0,0
0.0,2,1,1,0,1,0,0,0,108
0.0,3,2,0,0,1,0,0,0,0
0.0,1,3,0,0,1,0,0,0,0
0.0,2,3,0,0,1,0,0,0,0
0.0,3,3,0,0,1,0,0,0,0
0.0,2,1,0,0,1,0,0,0,0
0.0,1,3,0,0,1,0,0,0,0
0.0,2,1,0,0,1,0,0,0,0
0.0,2,1,0,0,1,0,0,0,0
0.0,3,1,0,0,1,0,0,0,159
0.0,2,3,0,0,1,0,0,0,0
0.0,2,3,0,0,1,0,0,0,371
0.0,1,3,0,0,1,0,0,0,0
0.0,3,2,0,0,1,0,0,0,0
0.0,3,1,0,0,1,0,0,0,0
0.0,3,1,0,0,1,0,0,0,0
0.0,3,1,0,0,1,0,0,0,0
0.0,3,1,0,0,1,0,0,0,0
0.0,3,1,0,0,1,0,0,0,0
0.0,3,1,0,0,1,0,0,0,0
0.0,2,3,0,0,1,0,0,0,0
0.0,2,2,0,0,1,0,0,0,0
0.0,2,1,0,0,1,0,0,0,0
0.0,3,3,0,0,1,0,0,0,0
0.0,3,3,0,0,1,0,0,0,0
0.0,2,2,0,0,1,0,0,0,0
0.0,3,2,0,0,1,0,0,0,0
0.0,3,2,0,0,1,0,0,0,0
0.0,3,2,0,0,1,0,0,0,0
0.0,3,2,0,0,1,0,0,0,0
0.0,2,2,0,0,1,0,0,0,0
0.0,3,1,0,0,1,0,0,0,0
0.0,3,1,0,0,1,0,0,0,0
0.0,1,2,0,0,1,0,0,0,0
0.0,3,3,0,0,1,0,0,0,314
0.0,3,1,0,0,1,0,0,0,0
0.0,2,1,0,0,1,0,0,0,0
0.0,3,3,0,0,1,0,0,0,0
0.0,3,3,0,0,1,0,0,0,0
0.0,3,1,0,0,1,0,0,0,0
0.0,3,1,0,0,1,0,0,0,0
0.0,2,1,0,0,1,0,0,0,0
0.0,2,2,0,0,1,0,0,0,0
0.0,1,3,0,0,1,0,0,0,0
0.0,3,1,0,0,1,0,0,0,0
0.0,2,1,0,0,1,0,0,0,0
0.0,3,2,0,0,1,0,0,0,0
0.0,3,2,0,0,1,0,0,0,0
0.0,3,2,0,0,1,0,0,0,0
0.0,2,1,0,0,1,0,0,0,0
0.0,3,2,0,0,1,0,0,0,0
0.0,3,1,0,0,1,0,0,0,0
0.0,0,2,0,1,0,0,0,0,0
0.0,1,1,0,0,1,0,0,0,0
0.0,0,2,0,0,0,0,0,0,0
0.0,0,3,0,0,1,0,0,0,0
0.0,0,3,0,0,0,0,0,0,72
0.0,0,2,0,0,0,0,0,0,0
0.0,1,3,0,0,1,0,0,0,0
0.0,1,1,0,0,1,0,0,1,218
0.0,1,3,0,0,0,0,0,1,0
0.0,3,1,0,0,1,0,0,1,17
0.0,0,1,0,0,1,0,0,1,0
0.0,0,1,0,0,1,0,0,1,129
0.0,1,1,0,0,1,0,0,1,146
0.0,1,3,0,0,1,0,0,1,314
0.0,2,1,1,0,1,0,0,1,22
0.0,2,2,1,0,1,0,0,1,146
0.0,2,1,0,0,1,0,0,1,0
0.0,1,2,0,0,1,0,0,1,255
0.0,3,3,0,0,1,0,0,1,108
0.0,3,3,0,0,1,0,0,1,108
0.0,3,3,0,0,1,0,0,1,108
0.0,2,1,0,0,1,0,0,1,0
0.0,2,1,0,0,1,0,0,1,368
0.0,2,1,0,0,1,0,0,1,368
0.0,3,2,0,0,1,0,0,1,159
0.0,2,3,0,0,1,0,0,2,108
0.0,3,3,0,0,1,0,0,2,255
0.0,1,1,1,0,1,0,0,2,0
0.0,2,3,0,0,0,0,0,2,160
0.0,2,1,0,0,1,0,0,2,146
0.0,3,1,0,0,1,0,0,2,159
0.0,0,3,0,0,0,0,0,2,286
0.0,3,3,0,0,1,0,0,2,243
0.0,2,3,0,0,1,0,0,2,313
0.0,2,2,0,0,1,0,0,2,328
0.0,2,1,0,0,1,0,0,2,255
0.0,2,3,0,0,1,0,0,2,182
0.0,2,1,0,0,1,0,0,3,269
0.0,2,2,0,0,1,0,0,3,0
0.0,2,2,0,0,1,0,0,3,159
0.0,3,3,0,0,1,0,0,3,336
0.0,2,3,0,0,1,0,0,3,328
0.0,3,1,0,0,1,0,0,3,379
0.0,2,3,0,0,1,0,0,1,119
0.0,3,1,1,0,1,0,0,0,0
0.0,1,1,1,0,0,0,0,0,17
0.0,0,2,0,0,0,0,0,0,0
0.0,2,3,0,0,1,0,0,0,0
0.0,1,3,0,0,0,0,0,0,0
0.0,2,3,0,0,1,0,0,1,0
0.0,0,1,1,0,0,0,0,0,0
0.0,0,1,0,0,1,0,0,1,218
0.0,3,3,0,0,1,0,0,0,0
0.0,3,3,0,0,1,0,0,0,0
0.0,0,1,1,0,1,0,0,0,0
0.0,0,1,1,0,0,0,0,1,0
0.0,1,3,0,0,1,0,0,0,192
0.0,1,3,0,0,1,0,0,0,0
0.0,0,2,0,0,0,0,0,0,21
0.0,3,2,0,0,1,0,0,0,0
0.0,3,2,0,0,1,0,0,0,0
0.0,3,3,0,0,1,0,0,0,0
0.0,0,3,0,0,1,0,0,0,159
0.0,0,3,0,0,0,0,0,1,0
0.0,2,1,0,0,1,0,0,0,0
0.0,0,1,1,0,0,0,0,1,0
0.0,1,3,0,0,1,0,0,1,153
0.0,0,3,0,0,0,0,0,0,0
0.0,0,1,1,0,1,0,0,0,0
0.0,0,2,0,0,1,0,0,0,22
0.0,2,1,0,0,1,0,0,0,0
0.0,1,2,0,0,0,0,0,0,72
0.0,0,1,1,0,0,0,0,0,108
0.0,0,3,0,0,0,0,0,2,206
0.0,0,1,0,0,1,0,0,1,0
0.0,0,3,0,0,1,0,0,1,206
0.0,3,2,0,0,1,0,0,0,0
0.0,2,1,0,0,1,0,0,1,22
0.0,1,1,1,0,0,0,0,0,0
0.0,0,2,0,0,0,0,0,0,0
0.0,1,3,0,0,1,0,0,1,182
0.0,0,1,0,0,1,0,0,1,146
0.0,0,3,0,0,1,0,0,0,12
0.0,1,1,1,0,0,0,0,0,22
0.0,1,1,0,0,1,0,0,0,0
0.0,2,3,0,0,1,0,0,1,188
0.0,0,1,1,0,0,0,0,1,22
0.0,1,1,0,0,1,0,0,0,0
0.0,1,3,0,0,1,0,0,0,129
0.0,0,1,1,0,0,0,0,1,48
0.0,1,1,1,0,1,0,0,0,108
0.0,0,1,1,0,1,0,0,0,0
0.0,0,1,1,0,1,0,0,1,7
0.0,0,1,0,0,1,0,0,1,328
0.0,2,1,1,0,1,0,0,2,195
0.0,1,3,0,0,0,0,0,1,2
0.0,0,1,0,0,1,0,0,0,0
0.0,2,3,0,0,1,0,0,0,163
0.0,3,3,0,0,0,0,0,1,97
0.0,0,2,0,0,1,0,0,1,168
0.0,1,3,0,0,1,0,0,0,0
0.0,1,3,0,0,1,0,0,0,0
0.0,1,3,0,0,1,0,0,2,218
0.0,2,3,0,0,1,0,0,1,182
0.0,0,1,0,0,0,0,0,0,0
0.0,3,1,0,0,1,0,0,0,0
0.0,0,3,0,0,0,0,0,0,302
0.0,0,2,0,0,1,0,0,1,103
0.0,1,3,0,0,0,0,0,1,108
0.0,2,3,0,0,1,0,0,1,0
0.0,1,3,0,0,0,0,0,1,0
0.0,0,1,0,0,1,0,0,1,0
0.0,1,1,0,0,1,0,0,1,0
0.0,0,1,0,0,1,0,0,1,80
0.0,2,3,0,0,0,0,0,0,0
0.0,0,1,1,0,0,0,0,1,28
0.0,0,1,1,0,1,0,1,0,14
0.0,3,1,0,0,1,0,1,1,0
0.0,1,3,0,0,1,0,1,0,302
0.0,1,1,1,0,1,0,1,1,108
0.0,1,3,0,0,1,0,1,1,259
0.0,0,3,0,0,1,0,1,1,100
0.0,2,1,1,0,1,0,1,1,92
0.0,1,2,0,0,1,0,1,1,269
0.0,0,1,1,0,0,0,1,1,0
0.0,0,2,1,0,0,0,1,1,72
0.0,0,2,0,1,1,0,1,1,229
0.0,1,2,0,0,1,0,1,0,209
0.0,1,1,0,0,0,0,1,1,17
0.0,0,3,0,0,1,0,1,0,0
0.0,0,1,1,0,0,0,1,1,61
0.0,0,1,1,0,0,0,1,0,0
0.0,0,1,1,0,0,0,1,1,22
0.0,0,1,0,0,1,0,1,1,198
0.0,1,2,0,0,1,0,1,1,53
0.0,1,1,1,0,1,0,1,0,0
0.0,1,2,0,0,0,0,1,0,0
0.0,2,1,0,0,1,0,1,0,0
0.0,1,2,1,0,1,0,1,0,190
0.0,0,2,0,0,0,0,1,1,106
0.0,0,3,0,0,1,0,1,1,159
0.0,1,1,1,0,1,0,1,1,218
0.0,0,2,0,0,0,0,1,1,108
0.0,0,2,0,0,1,0,1,1,103
0.0,2,3,0,0,1,0,1,1,0
0.0,1,3,0,0,1,0,1,1,198
0.0,1,3,0,0,1,0,1,1,0
0.0,1,1,0,0,1,0,1,0,0
0.0,3,1,0,0,1,0,1,0,0
0.0,1,3,1,0,0,0,1,0,36
0.0,1,3,0,0,1,0,1,1,117
0.0,1,2,0,0,0,0,1,1,6
0.0,0,1,0,0,1,0,1,1,0
0.0,3,2,1,0,1,0,1,1,0
0.0,0,2,0,0,1,0,1,1,21
0.0,0,2,0,0,0,0,1,0,97
0.0,1,3,0,0,0,0,1,0,0
0.0,2,3,0,1,1,0,1,0,22
0.0,2,2,0,0,0,0,1,0,97
0.0,0,1,1,0,0,0,1,0,0
0.0,1,1,0,0,1,0,1,0,88
0.0,2,1,1,0,1,0,1,0,0
0.0,1,1,0,0,0,0,1,0,0
0.0,0,1,0,0,0,0,1,1,108
0.0,0,1,1,0,1,0,1,1,146
0.0,0,1,0,0,1,0,1,1,27
0.0,1,1,1,0,1,0,1,1,0
0.0,0,1,1,0,1,0,1,1,157
0.0,0,1,0,1,1,0,1,1,48
0.0,1,2,0,0,0,0,1,1,97
0.0,0,3,0,0,1,0,1,1,97
0.0,3,1,0,0,1,0,1,1,83
0.0,0,2,0,0,0,0,1,1,0
0.0,2,2,0,0,0,0,1,0,0
0.0,0,1,1,0,1,0,1,1,0
0.0,0,1,0,0,1,0,1,1,23
0.0,0,1,1,0,1,0,1,1,18
0.0,1,1,0,0,1,0,1,1,24
0.0,0,3,0,0,0,0,1,2,229
0.0,1,1,1,0,1,0,1,1,0
0.0,2,1,0,0,1,0,1,1,63
0.0,1,1,1,0,1,0,1,1,17
0.0,0,2,1,0,1,0,1,1,41
0.0,1,1,0,0,0,0,1,1,89
0.0,0,1,0,0,1,0,1,1,112
0.0,1,1,1,0,0,0,1,1,17
0.0,0,1,0,0,1,0,1,1,82
0.0,0,1,0,0,1,0,1,1,136
0.0,0,1,1,0,1,0,1,1,117
0.0,0,1,0,0,0,0,1,1,159
0.0,1,1,1,0,0,0,1,1,129
0.0,0,1,1,0,0,0,1,1,0
0.0,1,1,0,0,1,0,1,1,218
0.0,0,2,0,0,1,0,1,1,244
0.0,1,1,0,0,1,0,1,3,0
0.0,0,1,0,0,1,0,1,1,17
0.0,0,1,0,0,1,0,1,1,108
0.0,0,2,1,0,1,0,1,1,0
0.0,0,3,1,0,0,0,1,1,129
0.0,2,3,0,0,1,0,1,3,327
0.0,1,1,1,0,1,0,1,0,0
0.0,0,1,1,0,1,0,1,1,0
0.0,0,1,1,0,1,0,1,1,17
0.0,0,1,0,0,1,0,1,1,22
0.0,3,1,0,0,1,0,1,1,17
0.0,1,1,0,0,1,0,1,0,0
0.0,0,2,0,1,0,0,1,0,0
0.0,1,3,0,0,1,0,1,0,167
0.0,0,1,0,0,1,0,1,1,22
0.0,2,1,0,0,1,0,1,1,178
0.0,2,1,0,0,1,0,1,1,22
0.0,0,1,0,0,0,0,1,1,99
0.0,0,2,1,0,0,0,1,0,9
0.0,0,1,0,1,1,0,1,1,18
0.0,1,1,0,0,1,0,1,0,48
0.0,0,2,0,0,1,0,1,1,182
0.0,1,1,0,1,1,0,1,1,58
0.0,3,1,0,1,1,0,1,1,48
0.0,1,1,1,0,1,0,1,0,22
0.0,1,1,0,0,1,0,1,0,198
0.0,0,1,1,0,1,0,1,0,72
0.0,0,2,0,0,1,0,1,1,247
0.0,2,1,1,0,0,0,1,1,0
0.0,0,1,0,0,1,0,1,1,146
0.0,0,1,0,0,1,0,1,1,251
0.0,0,1,1,0,1,0,1,1,22
0.0,2,1,0,0,1,0,1,1,22
0.0,1,2,0,0,1,0,1,1,22
0.0,2,1,1,0,1,0,1,1,129
0.0,0,1,1,0,1,0,1,1,22
0.0,1,2,0,0,1,0,1,1,146
0.0,0,1,0,0,1,0,1,1,19
0.0,1,1,1,0,1,0,1,1,22
0.0,1,1,1,0,1,0,1,1,302
0.0,1,3,0,0,0,0,1,1,314
0.0,0,2,0,0,0,0,1,1,146
0.0,1,1,1,0,1,0,1,2,0
0.0,2,1,1,0,1,0,1,2,255
0.0,1,1,1,0,0,0,1,1,85
0.0,0,1,0,0,0,0,1,1,72
0.0,3,1,0,0,1,0,1,1,22
0.0,0,1,0,0,0,0,1,1,137
0.0,2,1,1,0,1,0,1,1,6
0.0,2,1,0,0,1,0,1,1,22
0.0,3,1,0,0,1,0,1,1,0
0.0,1,2,1,0,0,0,1,1,30
0.0,0,1,0,0,1,0,1,1,0
0.0,1,3,0,0,1,0,1,2,349
0.0,0,3,0,0,1,0,1,2,22
0.0,2,3,0,0,0,0,1,1,0
0.0,0,1,0,0,1,0,1,1,28
0.0,1,1,1,0,0,0,1,0,0
0.0,0,1,0,0,1,0,1,0,22
0.0,0,1,0,0,1,0,1,1,100
0.0,2,3,0,0,0,0,1,1,0
0.0,1,1,1,0,1,0,1,1,0
0.0,1,1,1,0,0,0,1,1,0
0.0,2,1,0,0,1,0,1,1,61
0.0,2,1,0,0,1,0,1,1,206
0.0,1,2,0,0,1,0,1,1,0
0.0,0,1,0,0,0,0,1,1,153
0.0,0,1,1,0,0,0,1,1,255
0.0,1,2,0,0,1,0,1,1,128
0.0,0,1,1,0,1,0,1,2,254
0.0,1,3,0,0,1,0,1,3,311
0.0,1,1,0,0,0,0,1,1,138
0.0,0,1,0,0,1,0,1,1,269
0.0,0,3,0,0,0,0,1,2,147
0.0,1,1,1,0,1,0,1,0,0
0.0,3,1,0,0,1,0,1,1,108
0.0,0,1,1,0,1,0,1,1,72
0.0,2,1,0,0,1,0,1,1,30
0.0,0,1,0,0,1,0,1,1,187
0.0,2,1,0,0,1,0,1,1,218
0.0,1,1,1,0,0,0,1,1,17
0.0,0,1,1,0,0,0,1,0,251
0.0,0,1,0,0,1,0,1,0,48
0.0,0,1,0,0,0,0,1,1,48
0.0,1,1,0,0,1,0,1,1,0
0.0,2,1,0,0,1,0,1,1,0
0.0,3,1,0,0,1,0,1,1,233
0.0,2,3,0,0,1,0,1,1,108
0.0,2,1,0,0,1,0,1,0,22
0.0,3,1,0,0,0,0,1,0,0
0.0,0,1,0,0,1,0,1,0,108
0.0,1,2,1,0,1,0,1,0,207
0.0,3,1,0,0,1,0,1,0,0
0.0,1,3,0,0,0,0,1,1,0
0.0,2,1,1,0,1,0,1,1,146
0.0,3,1,0,0,1,0,1,1,0
0.0,0,1,0,0,1,0,1,1,33
0.0,1,2,1,0,1,0,1,1,270
0.0,0,1,0,0,1,0,1,1,0
0.0,1,1,0,0,1,0,1,1,53
0.0,0,1,0,0,0,0,1,1,14
0.0,0,2,0,0,1,0,1,1,198
0.0,1,1,0,0,1,0,1,1,0
0.0,1,1,0,0,1,0,1,1,0
0.0,1,3,0,0,1,0,1,1,250
0.0,0,2,0,0,1,0,1,1,97
0.0,2,1,0,0,1,0,1,1,218
0.0,0,1,0,0,1,0,1,1,61
0.0,1,1,0,0,1,0,1,1,146
0.0,0,1,1,0,1,0,1,1,97
0.0,1,1,0,0,1,0,1,1,108
0.0,1,1,1,0,1,0,1,1,153
0.0,0,1,0,0,1,0,1,1,113
0.0,1,3,0,0,1,0,1,1,146
0.0,0,2,1,0,1,0,1,1,0
0.0,1,3,0,0,1,0,1,1,269
0.0,1,3,1,0,0,0,1,1,116
0.0,0,1,0,0,0,0,1,2,97
0.0,2,2,0,0,1,0,1,2,0
0.0,2,2,0,0,0,0,1,2,0
0.0,3,1,0,0,1,0,1,1,99
0.0,1,1,1,0,1,0,1,1,98
0.0,2,3,0,0,1,0,1,1,0
0.0,1,2,1,0,1,0,1,1,34
0.0,1,2,0,0,1,0,1,1,72
0.0,0,1,0,0,1,0,1,1,43
0.0,2,1,0,0,1,0,1,1,48
0.0,1,1,0,0,1,0,1,1,138
0.0,2,1,0,0,1,0,1,1,188
0.0,1,1,0,0,1,0,1,2,218
0.0,2,1,1,0,1,0,1,1,128
0.0,3,1,0,0,1,0,1,1,22
0.0,0,2,0,0,1,0,1,1,61
0.0,1,3,0,0,1,0,1,1,153
0.0,1,2,0,0,1,0,1,1,200
0.0,3,3,0,0,1,0,1,1,33
0.0,0,1,0,0,1,0,1,1,62
0.0,1,3,0,0,1,0,1,2,179
0.0,1,1,1,0,1,0,1,2,129
0.0,2,3,1,0,1,0,1,0,0
0.0,0,2,0,0,0,0,1,1,108
0.0,0,3,0,0,0,0,1,1,243
0.0,0,1,1,0,0,0,1,1,146
0.0,1,1,0,0,1,0,1,1,75
0.0,0,1,0,0,0,0,1,1,149
0.0,2,2,0,0,1,0,1,1,258
0.0,2,2,0,0,1,0,1,1,258
0.0,3,1,0,0,1,0,1,1,130
0.0,1,3,1,0,1,0,1,2,18
0.0,1,1,1,0,1,0,1,2,108
0.0,0,2,0,0,1,0,1,2,248
0.0,1,3,0,0,1,0,1,2,218
0.0,1,1,0,0,1,0,1,1,97
0.0,0,1,0,0,1,0,1,0,72
0.0,1,1,0,0,1,0,1,1,159
0.0,1,3,0,0,1,0,1,2,314
0.0,1,1,0,0,1,0,1,1,337
0.0,0,1,0,0,1,0,1,1,52
0.0,1,3,0,0,1,0,1,1,255
0.0,1,1,0,0,1,0,1,1,35
0.0,1,1,1,0,1,0,1,1,22
0.0,0,1,0,0,1,0,1,1,188
0.0,2,3,0,0,1,0,1,2,0
0.0,0,1,0,0,1,0,1,1,105
0.0,1,1,0,0,1,0,1,1,72
0.0,2,3,0,0,1,0,1,0,108
0.0,0,2,0,0,0,0,1,1,72
0.0,1,1,0,0,1,0,1,1,20
0.0,2,2,0,0,1,0,1,1,72
0.0,1,3,1,0,1,0,1,2,137
0.0,1,1,0,1,1,0,1,1,148
0.0,0,1,1,0,1,0,1,1,33
0.0,1,1,0,0,1,0,1,1,47
0.0,0,1,1,0,1,0,1,1,48
0.0,3,2,0,0,1,0,1,0,302
0.0,0,1,1,0,1,0,1,0,0
0.0,3,1,0,0,1,0,1,0,33
0.0,1,1,0,0,1,0,1,0,167
0.0,0,1,0,0,1,0,1,0,58
0.0,1,3,0,0,0,0,1,1,0
0.0,1,1,1,0,1,0,1,1,108
0.0,0,1,0,0,0,0,1,1,92
0.0,2,1,1,0,0,0,1,1,6
0.0,3,3,1,0,1,0,1,1,180
0.0,3,1,1,0,1,0,1,1,72
0.0,0,1,1,0,1,0,1,1,0
0.0,1,1,1,0,1,0,1,1,22
0.0,2,1,0,0,1,0,1,1,72
0.0,2,1,0,0,1,0,1,1,0
0.0,0,1,1,0,0,0,1,1,22
0.0,1,3,0,0,1,0,1,1,0
0.0,1,1,0,0,1,0,1,1,108
0.0,1,1,0,0,1,0,1,1,129
0.0,0,1,0,0,0,0,1,1,159
0.0,2,1,0,0,0,0,1,1,218
0.0,1,2,0,0,1,0,1,1,49
0.0,0,1,0,0,1,0,1,1,186
0.0,1,1,1,0,1,0,1,1,97
0.0,1,1,0,0,1,0,1,1,97
0.0,2,1,1,0,1,0,1,1,69
0.0,2,1,0,0,1,0,1,2,210
0.0,3,2,0,0,1,0,1,2,260
0.0,3,2,0,0,1,0,1,2,260
0.0,1,1,1,0,1,0,1,2,206
0.0,3,3,0,0,1,0,1,2,0
0.0,0,3,0,0,0,0,1,2,277
0.0,1,3,0,0,1,0,1,3,255
0.0,1,2,1,0,0,0,1,1,146
0.0,0,2,0,0,1,0,1,1,0
0.0,0,1,0,0,1,0,1,1,136
0.0,2,1,0,0,1,0,1,1,129
0.0,0,1,0,1,1,0,1,1,95
0.0,1,1,0,0,0,0,1,1,129
0.0,1,1,0,0,1,0,1,1,77
0.0,0,1,0,0,1,0,1,1,72
0.0,1,3,0,0,1,0,1,2,317
0.0,0,3,0,0,0,0,1,1,0
0.0,2,2,0,0,1,0,1,1,108
0.0,0,1,0,0,0,0,1,1,159
0.0,0,1,0,0,1,0,1,2,0
0.0,0,1,1,0,1,0,1,1,72
0.0,1,1,0,0,1,0,1,2,0
0.0,2,1,1,0,1,0,1,1,72
0.0,2,1,0,0,1,0,1,1,14
0.0,3,1,0,0,1,0,1,1,67
0.0,0,1,0,0,1,0,1,2,129
0.0,1,2,1,0,1,0,1,1,154
0.0,3,1,0,0,1,0,1,2,108
0.0,2,1,0,0,1,0,1,2,218
0.0,2,2,0,0,1,0,1,1,108
0.0,1,3,0,0,1,0,1,1,146
0.0,1,1,1,0,1,0,1,1,22
0.0,0,2,1,0,1,0,1,1,152
0.0,1,1,1,0,1,0,1,1,59
0.0,0,2,0,0,1,0,1,1,146
0.0,1,1,0,0,1,0,1,1,129
0.0,1,1,1,0,1,0,1,1,129
0.0,0,1,0,0,1,0,1,1,182
0.0,1,1,0,0,1,0,1,1,0
0.0,0,2,0,0,1,0,1,1,0
0.0,0,1,0,0,1,0,1,1,218
0.0,1,3,0,0,1,0,1,1,229
0.0,0,1,0,0,1,0,1,1,157
0.0,1,1,0,1,1,0,1,1,317
0.0,2,1,1,0,1,0,1,1,150
0.0,0,3,0,0,1,0,1,2,255
0.0,0,3,0,0,1,0,1,2,0
0.0,0,3,0,0,1,0,1,2,198
0.0,0,1,0,0,1,0,1,2,269
0.0,0,1,1,0,1,0,1,1,58
0.0,1,1,0,0,1,0,1,0,240
0.0,1,1,0,0,1,0,1,1,0
0.0,3,1,1,0,1,0,1,1,0
0.0,1,3,0,0,1,0,1,2,57
0.0,1,2,0,0,1,0,1,1,286
0.0,3,1,0,0,1,0,1,1,43
0.0,3,1,0,0,1,0,1,1,43
0.0,1,2,0,0,1,0,1,1,58
0.0,1,1,0,0,1,0,1,1,198
0.0,2,1,1,0,0,0,1,1,72
0.0,2,3,1,0,1,0,1,2,243
0.0,0,1,0,0,1,0,1,2,157
0.0,0,2,1,0,1,0,1,1,121
0.0,1,1,1,0,1,0,1,1,21
0.0,0,1,0,0,1,0,1,1,61
0.0,2,1,0,0,0,0,1,1,34
0.0,3,3,0,0,1,0,1,1,88
0.0,1,1,0,0,1,0,1,1,273
0.0,1,1,1,0,1,0,1,2,137
0.0,1,3,0,0,0,0,1,2,129
0.0,1,3,0,0,0,0,1,0,336
0.0,3,1,0,0,1,0,1,0,146
0.0,1,1,1,0,1,0,1,0,18
0.0,0,2,0,0,0,0,1,0,0
0.0,2,1,0,0,1,0,1,1,243
0.0,2,1,0,0,1,0,1,1,243
0.0,1,3,1,0,1,0,1,1,269
0.0,0,1,0,0,0,0,1,1,250
0.0,0,1,0,0,0,0,1,1,146
0.0,1,1,0,0,1,0,1,1,129
0.0,0,2,1,0,1,0,1,1,198
0.0,3,3,0,0,1,0,1,1,108
0.0,1,1,0,0,1,0,1,1,0
0.0,2,2,0,0,1,0,1,1,56
0.0,1,3,0,0,1,0,1,1,92
0.0,2,3,0,0,1,0,1,1,206
0.0,3,3,1,0,1,0,1,1,22
0.0,1,2,0,1,1,0,1,1,147
0.0,2,1,0,0,1,0,1,1,48
0.0,2,1,0,0,1,0,1,1,97
0.0,2,1,0,0,1,0,1,1,97
0.0,1,3,0,0,1,0,1,1,159
0.0,1,1,0,0,1,0,1,1,108
0.0,3,1,0,0,1,0,1,1,55
0.0,1,3,0,0,1,0,1,1,128
0.0,1,1,1,0,1,0,1,1,83
0.0,2,1,1,0,1,0,1,1,108
0.0,0,2,0,0,1,0,1,1,198
0.0,0,1,1,0,1,0,1,1,22
0.0,0,1,1,0,1,0,1,1,129
0.0,1,1,0,0,1,0,1,1,309
0.0,1,2,0,0,1,0,1,1,97
0.0,1,3,0,0,1,0,1,1,129
0.0,0,2,0,0,0,0,1,1,218
0.0,1,1,1,0,1,0,1,2,146
0.0,0,1,1,0,1,0,1,2,129
0.0,2,1,0,0,1,0,1,2,286
0.0,1,3,0,0,1,0,1,2,248
0.0,0,3,0,0,0,0,1,2,218
0.0,0,1,0,0,1,0,1,2,278
0.0,1,2,0,1,0,0,1,2,229
0.0,1,3,0,0,1,0,1,2,255
0.0,3,1,0,0,1,0,1,2,0
0.0,3,1,0,0,1,0,1,2,0
0.0,3,1,1,0,0,0,1,2,146
0.0,2,3,0,0,0,0,1,2,251
0.0,2,2,0,0,1,0,1,3,158
0.0,2,1,0,0,1,0,1,1,16
0.0,0,2,0,0,1,0,1,1,311
0.0,0,1,1,0,1,0,1,3,233
0.0,2,1,0,0,1,0,1,1,107
0.0,0,2,0,0,1,0,1,2,72
0.0,0,1,0,0,1,0,1,1,63
0.0,1,1,1,0,1,0,1,1,132
0.0,1,1,1,0,1,0,1,2,48
0.0,3,1,0,0,1,0,1,1,72
0.0,1,1,1,0,1,0,1,1,145
0.0,2,3,0,0,0,0,1,3,256
0.0,0,1,0,0,1,0,1,0,204
0.0,2,1,0,0,1,0,1,1,108
0.0,1,2,0,0,1,0,1,1,117
0.0,2,1,1,0,1,0,1,1,129
0.0,0,3,0,0,1,0,1,1,146
0.0,0,1,0,0,1,0,1,2,248
0.0,0,1,0,0,0,0,1,1,0
0.0,2,1,1,0,1,0,1,2,159
0.0,0,1,0,0,1,0,1,2,24
0.0,1,1,0,0,1,0,1,1,0
0.0,1,1,0,1,1,0,1,1,157
0.0,2,1,0,0,0,0,1,1,78
0.0,3,1,0,0,1,0,1,1,105
0.0,2,1,0,0,1,0,1,1,137
0.0,2,1,0,0,1,0,1,1,146
0.0,1,3,0,0,1,0,1,2,331
0.0,0,3,0,0,1,0,1,2,117
0.0,0,1,0,0,0,0,1,2,136
0.0,1,2,0,0,0,0,1,0,0
0.0,0,1,1,0,1,0,1,1,0
0.0,1,1,0,0,1,0,1,1,108
0.0,0,3,0,0,1,0,1,1,100
0.0,1,1,1,0,0,0,1,1,167
0.0,1,3,0,0,1,0,1,1,107
0.0,2,2,0,0,1,0,1,1,132
0.0,2,3,0,0,1,0,1,1,108
0.0,1,3,0,0,1,0,1,1,146
0.0,1,3,1,0,1,0,1,1,157
0.0,3,1,0,0,1,0,1,1,97
0.0,2,2,0,0,1,0,1,1,0
0.0,0,1,0,0,0,0,1,1,129
0.0,1,1,0,0,1,0,1,1,108
0.0,2,1,0,0,1,0,1,2,97
0.0,0,1,0,0,1,0,1,2,209
0.0,0,3,0,0,0,0,1,2,316
0.0,1,3,0,0,0,0,1,2,182
0.0,1,1,0,0,0,0,1,2,0
0.0,1,3,0,0,1,0,1,2,255
0.0,1,2,1,0,1,0,1,3,331
0.0,1,2,1,0,0,0,1,2,248
0.0,0,1,1,0,1,0,1,1,0
0.0,1,2,0,0,0,0,1,1,0
0.0,0,1,0,0,1,0,1,1,0
0.0,2,1,0,0,1,0,1,1,128
0.0,1,1,0,0,1,0,1,2,198
0.0,3,1,0,0,1,0,1,2,108
0.0,0,2,0,0,0,0,1,2,311
0.0,0,2,1,0,1,0,1,2,185
0.0,1,1,0,0,1,0,1,1,169
0.0,0,3,0,0,1,0,1,2,203
0.0,1,2,0,0,1,0,1,2,321
0.0,3,1,0,0,1,0,1,1,114
0.0,3,2,0,0,1,0,1,1,72
0.0,2,1,0,0,1,0,1,2,298
0.0,1,2,0,0,1,0,1,2,191
0.0,1,3,0,0,1,0,1,2,159
0.0,1,2,0,0,1,0,1,1,71
0.0,0,3,0,0,1,0,1,1,117
0.0,0,1,0,0,1,0,1,1,153
0.0,2,3,0,0,1,0,1,1,83
0.0,1,1,0,0,1,0,1,2,97
0.0,0,1,0,0,1,0,1,0,182
0.0,2,1,0,0,1,0,1,0,0
0.0,1,1,0,1,1,0,1,0,159
0.0,3,1,1,0,1,0,1,1,156
0.0,1,2,1,0,1,0,1,1,97
0.0,0,1,0,0,1,0,1,1,248
0.0,0,1,1,0,1,0,1,1,83
0.0,1,2,1,0,1,0,1,1,218
0.0,3,1,0,0,1,0,1,1,129
0.0,1,3,0,0,1,0,1,1,159
0.0,1,1,0,0,1,0,1,1,198
0.0,1,3,0,0,1,0,1,1,120
0.0,2,2,0,0,1,0,1,1,137
0.0,1,1,1,0,1,0,1,1,182
0.0,3,3,0,0,1,0,1,1,159
0.0,0,1,0,1,1,0,1,1,72
0.0,2,1,0,0,1,0,1,1,89
0.0,2,2,0,1,1,0,1,1,0
0.0,1,1,0,0,1,0,1,2,137
0.0,1,1,0,0,1,0,1,2,286
0.0,1,1,1,0,1,0,1,2,117
0.0,3,1,0,0,1,0,1,2,137
0.0,0,1,0,0,1,0,1,2,182
0.0,3,2,0,0,1,0,1,2,0
0.0,1,1,0,0,1,0,1,2,22
0.0,0,1,0,0,1,0,1,2,0
0.0,1,2,1,0,0,0,1,2,159
0.0,2,2,0,0,1,0,1,2,182
0.0,3,1,0,0,1,0,1,2,243
0.0,3,1,0,0,1,0,1,2,243
0.0,0,1,1,0,1,0,1,1,29
0.0,0,1,0,0,1,0,1,1,146
0.0,2,1,1,0,1,0,1,1,129
0.0,1,1,0,0,0,0,1,0,96
0.0,1,1,0,0,1,0,1,1,146
0.0,0,1,0,0,0,0,1,1,218
0.0,1,2,0,0,1,0,1,1,161
0.0,1,2,0,0,1,0,1,1,12
0.0,3,1,0,0,1,0,1,2,182
0.0,1,3,0,0,1,0,1,2,148
0.0,1,3,0,0,1,0,1,2,243
0.0,3,2,0,0,1,0,1,1,108
0.0,0,2,1,0,0,0,1,2,157
0.0,1,3,0,0,1,0,1,2,117
0.0,2,1,1,0,1,0,1,2,159
0.0,0,2,0,0,1,0,1,1,229
0.0,2,1,0,0,1,0,1,1,146
0.0,2,1,0,0,1,0,1,1,146
0.0,2,1,0,0,1,0,1,1,105
0.0,1,3,0,0,1,0,1,2,206
0.0,0,1,0,0,1,0,1,2,244
0.0,2,1,0,0,1,0,1,1,97
0.0,1,2,1,0,1,0,1,0,48
0.0,3,3,0,0,1,0,1,1,311
0.0,2,1,1,0,1,0,1,1,108
0.0,1,1,1,0,0,0,1,1,137
0.0,2,2,0,0,1,0,1,2,160
0.0,1,2,0,0,1,0,1,2,243
0.0,2,1,0,0,1,0,1,2,168
0.0,0,1,0,0,0,0,1,2,292
0.0,3,1,1,0,1,0,1,2,129
0.0,3,1,1,0,1,0,1,2,129
0.0,2,1,1,0,1,0,1,2,299
0.0,1,1,0,0,1,0,2,2,195
0.0,0,2,0,0,1,0,2,2,243
0.0,2,2,1,0,1,0,2,1,218
0.0,2,1,0,0,0,0,2,1,107
0.0,2,1,1,0,1,0,2,1,286
0.0,1,1,0,0,1,0,2,1,132
0.0,3,1,0,0,1,0,2,1,211
0.0,1,3,0,0,1,0,2,1,117
0.0,1,1,0,0,1,0,2,1,115
0.0,1,1,0,0,1,0,2,2,168
0.0,2,1,1,0,0,0,2,3,33
0.0,3,1,0,0,1,0,2,1,129
0.0,1,2,1,0,1,0,2,1,33
0.0,1,1,0,0,1,0,2,1,159
0.0,0,1,1,0,1,0,2,1,48
0.0,1,3,0,0,1,0,2,1,218
0.0,1,1,1,0,1,0,2,2,129
0.0,2,1,1,0,1,0,2,2,206
0.0,2,1,0,0,1,0,2,2,100
0.0,1,1,0,1,1,0,2,0,48
0.0,0,1,0,0,1,0,2,2,100
0.0,1,2,0,0,1,0,2,1,117
0.0,1,3,0,0,1,0,2,1,0
0.0,1,1,0,0,0,0,2,2,182
0.0,2,2,0,0,1,0,2,2,168
0.0,1,3,0,0,1,0,2,2,296
0.0,1,1,0,0,1,0,2,1,192
0.0,0,2,0,0,1,0,2,1,105
0.0,1,1,0,0,1,0,2,0,255
0.0,3,1,0,0,1,0,2,2,144
0.0,2,3,0,0,0,0,2,0,0
0.0,0,1,0,0,1,0,2,1,198
0.0,0,1,0,0,1,0,2,1,0
0.0,0,2,0,0,1,0,2,1,269
0.0,1,3,0,0,1,0,2,2,204
0.0,1,3,1,0,0,0,2,1,182
0.0,2,1,1,0,1,0,2,1,72
0.0,3,3,0,0,0,0,2,0,182
0.0,1,2,0,0,1,0,2,0,182
0.0,0,1,1,0,0,0,2,0,159
0.0,1,1,1,0,1,0,2,0,192
0.0,1,2,1,0,1,0,2,1,116
0.0,1,1,1,0,0,0,2,1,129
0.0,2,2,1,0,1,0,2,1,72
0.0,1,3,0,0,1,0,2,1,107
0.0,0,1,0,1,1,0,2,1,108
0.0,1,3,0,0,1,0,2,1,269
0.0,3,2,0,0,1,0,2,1,108
0.0,2,1,0,0,1,0,2,1,98
0.0,1,3,0,0,1,0,2,1,182
0.0,0,1,1,0,1,0,2,1,36
0.0,0,1,1,0,1,0,2,1,159
0.0,2,1,0,0,1,0,2,1,196
0.0,1,2,0,0,1,0,2,1,160
0.0,3,1,0,0,1,0,2,1,81
0.0,2,1,1,0,1,0,2,1,129
0.0,0,1,1,0,1,0,2,1,72
0.0,1,1,1,0,1,0,2,1,198
0.0,1,3,0,0,1,0,2,1,205
0.0,0,1,0,0,1,0,2,1,182
0.0,1,3,0,0,0,0,2,1,100
0.0,0,1,0,0,1,0,2,1,97
0.0,2,3,0,0,1,0,2,1,108
0.0,0,1,1,0,1,0,2,1,218
0.0,1,1,0,0,1,0,2,2,289
0.0,0,1,1,0,1,0,2,2,182
0.0,0,1,0,0,1,0,2,2,108
0.0,3,3,0,0,1,0,2,2,107
0.0,2,3,0,0,1,0,2,2,218
0.0,2,1,0,0,1,0,2,2,150
0.0,2,1,1,0,1,0,2,2,141
0.0,2,1,0,0,1,0,2,2,164
0.0,2,1,0,0,0,0,2,2,48
0.0,0,1,0,0,1,0,2,2,108
0.0,2,3,1,0,1,0,2,2,341
0.0,1,1,0,0,1,0,2,2,158
0.0,0,1,0,0,1,0,2,2,193
0.0,2,1,0,0,1,0,2,2,175
0.0,3,1,0,0,1,0,2,2,159
0.0,3,1,0,0,1,0,2,2,159
0.0,2,1,0,0,1,0,2,2,198
0.0,0,1,0,0,1,0,2,2,146
0.0,0,2,0,0,1,0,2,2,150
0.0,1,3,0,0,1,0,2,2,286
0.0,2,1,0,0,1,0,2,2,255
0.0,3,1,1,0,1,0,2,2,182
0.0,2,1,0,0,1,0,2,2,255
0.0,3,1,0,0,1,0,2,2,253
0.0,3,1,0,0,1,0,2,2,253
0.0,2,3,0,0,0,0,2,2,159
0.0,0,1,1,0,1,0,2,2,153
0.0,1,1,1,0,1,0,2,2,206
0.0,1,2,1,0,0,0,2,2,248
0.0,3,1,0,0,0,0,2,2,255
0.0,2,1,1,0,1,0,2,2,208
0.0,2,3,0,0,1,0,2,3,314
0.0,1,3,0,0,1,0,2,2,182
0.0,1,1,0,0,1,0,2,1,182
0.0,1,1,0,0,1,0,2,1,198
0.0,0,2,0,0,1,0,2,2,160
0.0,1,2,0,0,1,0,2,2,314
0.0,2,1,1,0,1,0,2,2,182
0.0,2,2,0,0,1,0,2,2,72
0.0,2,1,1,0,1,0,2,2,269
0.0,1,2,0,0,1,0,2,1,269
0.0,0,1,0,0,1,0,2,2,218
0.0,0,1,0,0,1,0,2,2,360
0.0,1,3,1,0,1,0,2,2,150
0.0,1,2,0,0,1,0,2,0,0
0.0,2,1,0,0,1,0,2,1,302
0.0,3,1,0,0,1,0,2,1,0
0.0,1,1,0,0,1,0,2,2,255
0.0,2,1,0,0,1,0,2,2,108
0.0,1,3,0,0,1,0,2,2,167
0.0,1,3,0,0,1,0,2,2,245
0.0,1,3,0,0,1,0,2,1,341
0.0,1,3,1,0,0,0,2,2,168
0.0,3,3,0,0,1,0,2,2,137
0.0,1,1,0,0,1,0,2,1,286
0.0,0,1,0,0,1,0,2,2,100
0.0,1,1,0,0,1,0,2,2,159
0.0,2,1,0,0,1,0,2,2,146
0.0,1,2,0,0,0,0,2,1,30
0.0,2,1,1,0,0,0,2,1,97
0.0,1,1,0,0,1,0,2,1,191
0.0,1,3,0,0,1,0,2,2,381
0.0,2,2,0,0,1,0,2,2,255
0.0,1,3,0,0,1,0,2,2,182
0.0,1,3,0,0,1,0,2,2,159
0.0,1,3,0,0,1,0,2,2,311
0.0,3,1,0,0,1,0,2,2,146
0.0,1,1,0,0,1,0,2,2,162
0.0,1,1,0,0,1,0,2,2,159
0.0,2,1,0,0,1,0,2,2,203
0.0,2,1,0,0,1,0,2,2,288
0.0,2,1,0,0,1,0,2,2,288
0.0,2,2,0,0,1,0,2,2,0
0.0,1,1,1,0,1,0,2,2,269
0.0,3,1,1,0,1,0,2,3,0
0.0,2,2,0,0,1,0,2,3,269
0.0,1,3,0,0,0,0,2,2,323
0.0,2,1,0,0,1,0,2,0,342
0.0,1,2,0,0,0,0,2,1,107
0.0,3,3,0,0,1,0,2,2,159
0.0,1,1,0,0,1,0,2,2,231
0.0,1,2,1,0,1,0,2,2,213
0.0,3,1,0,0,1,0,2,1,148
0.0,1,1,0,0,0,0,2,2,175
0.0,1,2,0,0,1,0,2,2,244
0.0,2,3,0,0,1,0,2,2,158
0.0,1,3,0,0,1,0,2,2,212
0.0,1,1,1,0,1,0,2,2,198
0.0,2,1,0,0,1,0,2,2,76
0.0,2,2,0,0,1,0,2,2,136
0.0,2,2,0,0,1,0,2,2,136
0.0,0,2,1,0,1,0,2,1,182
0.0,3,1,0,0,1,0,2,2,29
0.0,2,2,0,0,1,0,2,2,0
0.0,1,1,0,0,1,0,2,2,150
0.0,3,3,0,0,0,0,2,2,192
0.0,2,1,0,0,1,0,2,1,311
0.0,1,1,1,0,1,0,2,2,155
0.0,1,1,0,1,1,0,2,2,203
0.0,3,3,0,0,1,0,2,0,336
0.0,1,1,0,0,1,0,2,1,0
0.0,1,1,0,0,1,0,2,1,155
0.0,1,2,0,0,1,0,2,1,97
0.0,2,1,1,0,1,0,2,1,86
0.0,2,1,1,0,1,0,2,1,86
0.0,1,1,0,0,1,0,2,1,218
0.0,0,1,0,0,1,0,2,1,129
0.0,2,1,0,0,1,0,2,1,146
0.0,2,1,1,0,1,0,2,1,198
0.0,1,3,0,0,1,0,2,2,342
0.0,2,3,0,0,1,0,2,2,175
0.0,2,3,1,0,0,0,2,2,108
0.0,2,1,0,0,1,0,2,2,269
0.0,2,1,0,0,1,0,2,2,342
0.0,3,1,0,0,1,0,2,2,0
0.0,3,1,0,0,1,0,2,2,129
0.0,1,3,0,0,1,0,2,2,248
0.0,2,1,0,0,1,0,2,2,137
0.0,1,1,0,0,1,0,2,2,168
0.0,0,2,0,0,1,0,2,2,172
0.0,0,1,0,0,1,0,2,2,218
0.0,0,1,0,0,1,0,2,2,31
0.0,2,1,0,0,1,0,2,2,182
0.0,1,3,0,0,1,0,2,2,254
0.0,2,1,0,0,1,0,2,2,153
0.0,2,1,0,0,1,0,2,2,188
0.0,2,3,0,0,0,0,2,2,295
0.0,1,2,0,0,1,0,2,2,276
0.0,1,3,0,0,1,0,2,2,232
0.0,2,3,0,0,1,0,2,2,167
0.0,2,3,0,0,1,0,2,2,182
0.0,2,2,0,0,1,0,2,2,159
0.0,3,1,0,0,1,0,2,2,219
0.0,2,1,1,0,1,0,2,2,153
0.0,2,2,1,0,1,0,2,2,214
0.0,0,1,0,0,1,0,2,2,363
0.0,3,3,0,0,0,0,2,2,314
0.0,0,1,0,0,1,0,2,2,319
0.0,0,1,0,0,1,0,2,2,311
0.0,1,3,0,0,1,0,2,3,356
0.0,0,3,0,0,1,0,2,3,342
0.0,1,2,0,0,1,0,2,2,159
0.0,3,2,0,0,1,0,2,2,159
0.0,0,1,0,0,0,0,2,1,0
0.0,2,2,0,0,1,0,2,2,120
0.0,0,1,0,0,1,0,2,2,198
0.0,1,2,1,0,1,0,2,2,124
0.0,1,2,0,1,1,0,2,2,310
0.0,3,1,0,0,1,0,2,2,188
0.0,2,1,0,0,1,0,2,2,149
0.0,1,1,0,0,1,0,2,2,115
0.0,2,3,0,0,1,0,2,2,159
0.0,1,2,1,0,1,0,2,2,314
0.0,1,2,0,1,1,0,2,1,206
0.0,0,2,0,0,0,0,2,2,336
0.0,3,1,0,0,1,0,2,2,182
0.0,1,1,0,0,0,0,2,2,366
0.0,2,3,1,0,1,0,2,3,295
0.0,1,1,1,0,1,0,2,3,255
0.0,1,2,0,0,1,0,2,2,218
0.0,1,3,0,0,1,0,2,2,72
0.0,3,1,0,0,1,0,2,3,221
0.0,3,1,0,0,1,0,2,3,221
0.0,3,1,0,0,1,0,2,3,221
0.0,3,1,0,0,1,0,2,2,203
0.0,1,3,0,0,1,0,2,2,251
0.0,1,1,0,1,1,0,2,2,269
0.0,2,1,0,0,1,0,2,1,173
0.0,2,1,0,0,1,0,2,1,173
0.0,2,1,1,0,1,0,2,2,182
0.0,1,3,0,0,1,0,2,2,311
0.0,2,1,0,1,1,0,2,2,159
0.0,2,1,0,0,1,0,2,2,159
0.0,1,3,0,0,1,0,2,2,182
0.0,3,1,0,0,1,0,2,2,182
0.0,1,2,0,0,1,0,2,2,315
0.0,2,1,0,0,1,0,2,2,218
0.0,0,1,0,0,1,0,2,2,188
0.0,3,2,0,0,1,0,2,2,245
0.0,3,1,0,1,1,0,2,2,204
0.0,2,1,0,0,1,0,2,2,255
0.0,2,1,0,0,1,0,2,2,195
0.0,1,1,1,0,0,0,2,2,255
0.0,1,3,0,0,0,0,2,3,341
0.0,0,2,0,0,1,0,2,3,218
0.0,1,3,0,0,1,0,2,2,248
0.0,3,3,0,0,0,0,2,2,108
0.0,0,2,0,0,1,0,2,2,146
0.0,2,1,1,0,1,0,2,0,233
0.0,2,1,0,0,1,0,2,2,146
0.0,1,1,0,0,1,0,2,2,167
0.0,1,1,0,0,1,0,2,2,218
0.0,3,1,0,0,1,0,2,2,167
0.0,1,3,0,0,1,0,2,2,185
0.0,3,2,0,0,1,0,2,2,188
0.0,2,3,0,0,1,0,2,2,227
0.0,1,3,0,0,0,0,2,2,215
0.0,2,3,0,0,1,0,2,2,243
0.0,0,1,0,0,1,0,2,2,72
0.0,1,3,0,0,1,0,2,0,0
0.0,1,1,0,0,1,0,2,2,201
0.0,1,1,0,0,1,0,2,2,232
0.0,1,1,0,0,1,0,2,0,0
0.0,1,1,0,0,1,0,2,1,150
0.0,2,1,0,0,1,0,2,1,269
0.0,2,1,0,1,1,0,2,1,371
0.0,3,3,0,0,0,0,2,1,328
0.0,1,2,0,0,0,0,2,1,147
0.0,2,1,1,0,1,0,2,1,182
0.0,1,1,0,0,1,0,2,1,37
0.0,1,3,1,0,1,0,2,1,158
0.0,1,1,0,0,1,0,2,1,0
0.0,2,1,0,0,1,0,2,1,263
0.0,2,1,0,0,1,0,2,1,159
0.0,1,1,0,0,1,0,2,2,314
0.0,3,1,1,0,1,0,2,2,51
0.0,2,3,1,0,1,0,2,2,377
0.0,2,3,1,0,1,0,2,2,377
0.0,0,1,0,0,1,0,2,2,127
0.0,3,1,0,0,1,0,2,2,159
0.0,2,3,0,0,1,0,2,2,177
0.0,1,3,0,0,1,0,2,2,373
0.0,2,2,0,0,1,0,2,2,234
0.0,1,1,0,0,1,0,2,2,182
0.0,1,1,0,1,1,0,2,2,198
0.0,3,3,0,0,1,0,2,2,364
0.0,3,1,1,0,0,0,2,2,159
0.0,2,1,0,0,1,0,2,2,255
0.0,1,2,0,0,0,0,2,2,159
0.0,3,1,0,0,1,0,2,2,0
0.0,1,1,1,0,1,0,2,2,277
0.0,1,3,0,0,1,0,2,2,22
0.0,2,3,0,0,1,0,2,2,159
0.0,1,1,0,1,1,0,2,2,168
0.0,1,2,0,0,1,0,2,2,159
0.0,2,2,0,0,1,0,2,2,159
0.0,3,3,0,0,1,0,2,2,0
0.0,3,3,0,0,1,0,2,2,0
0.0,1,3,0,0,1,0,2,2,229
0.0,1,1,0,0,1,0,2,2,255
0.0,1,2,0,0,1,0,2,2,180
0.0,2,3,0,0,1,0,2,2,156
0.0,3,1,0,0,1,0,2,2,108
0.0,2,2,0,0,1,0,2,2,295
0.0,3,3,0,1,1,0,2,2,255
0.0,0,1,0,0,1,0,2,2,211
0.0,2,1,1,0,1,0,2,2,314
0.0,2,1,0,0,1,0,2,2,198
0.0,3,3,0,0,1,0,2,2,328
0.0,3,3,0,0,1,0,2,2,328
0.0,1,2,0,0,1,0,2,2,209
0.0,0,2,0,0,1,0,2,2,269
0.0,2,3,0,0,1,0,2,2,250
0.0,1,1,0,0,1,0,2,2,218
0.0,2,1,0,0,1,0,2,2,218
0.0,2,2,0,0,1,0,2,2,0
0.0,2,2,0,0,1,0,2,2,0
0.0,2,3,0,0,1,0,2,2,227
0.0,3,2,1,0,1,0,2,2,183
0.0,3,1,1,0,1,0,2,2,198
0.0,1,2,0,0,1,0,2,2,269
0.0,2,3,0,0,1,0,2,2,311
0.0,2,2,0,0,1,0,2,2,255
0.0,2,2,0,0,1,0,2,2,255
0.0,3,1,0,0,1,0,2,2,0
0.0,3,1,0,0,1,0,2,2,218
0.0,3,1,0,0,1,0,2,2,218
0.0,2,1,0,0,1,0,2,2,255
0.0,1,1,0,0,0,0,2,2,114
0.0,2,1,0,0,1,0,2,3,286
0.0,1,3,0,0,1,0,2,3,243
0.0,2,1,0,0,0,0,2,3,83
0.0,1,2,0,0,1,0,2,3,314
0.0,3,1,1,0,1,0,2,3,108
0.0,2,3,0,0,1,0,2,3,286
0.0,3,1,0,0,1,0,2,3,182
0.0,0,1,0,0,1,0,2,3,0
0.0,2,2,0,0,1,0,2,2,183
0.0,1,1,0,0,1,0,2,2,302
0.0,2,1,0,0,1,0,2,2,167
0.0,3,1,0,0,1,0,2,2,130
0.0,2,1,0,0,1,0,2,2,243
0.0,1,2,0,0,1,0,2,3,172
0.0,1,2,0,0,1,0,2,0,0
0.0,2,1,0,0,1,0,2,2,30
0.0,2,3,0,0,1,0,2,2,227
0.0,3,1,0,0,0,0,2,1,0
0.0,2,3,0,1,1,0,2,2,218
0.0,1,3,0,0,1,0,2,1,313
0.0,1,3,0,0,1,0,2,2,206
0.0,1,2,0,0,1,0,2,2,229
0.0,2,3,0,0,1,0,2,2,182
0.0,2,2,0,0,1,0,2,2,204
0.0,0,1,0,0,1,0,2,2,107
0.0,1,1,0,0,1,0,2,2,153
0.0,1,1,0,0,1,0,2,1,129
0.0,2,1,0,0,1,0,2,2,167
0.0,2,1,0,0,1,0,2,1,159
0.0,1,2,0,0,1,0,2,2,0
0.0,3,1,0,0,1,0,2,2,19
0.0,3,1,1,0,1,0,2,2,243
0.0,2,1,0,0,1,0,2,2,302
0.0,2,3,0,0,0,0,2,2,192
0.0,2,2,1,0,1,0,2,2,198
0.0,2,3,0,0,1,0,2,2,206
0.0,1,2,0,0,1,0,2,2,179
0.0,2,2,0,0,1,0,2,2,159
0.0,2,3,0,0,1,0,2,2,205
0.0,2,1,0,0,1,0,2,2,255
0.0,2,1,0,0,1,0,2,2,243
0.0,1,2,1,0,1,0,2,2,219
0.0,1,3,0,0,1,0,2,2,343
0.0,2,3,0,0,1,0,2,2,319
0.0,1,3,0,0,0,0,2,2,257
0.0,0,2,0,0,1,0,2,2,324
0.0,0,1,0,0,1,0,2,2,198
0.0,1,3,0,0,0,0,2,3,6
0.0,3,1,1,0,1,0,2,3,311
0.0,3,2,1,0,1,0,2,3,328
0.0,3,3,0,0,1,0,2,2,198
0.0,3,1,0,0,1,0,2,1,238
0.0,1,1,1,0,1,0,2,2,165
0.0,3,3,0,0,1,0,2,2,175
0.0,1,3,0,0,1,0,2,2,255
0.0,3,3,0,0,1,0,2,2,215
0.0,3,3,0,0,1,0,2,2,215
0.0,3,3,0,0,1,0,2,2,215
0.0,2,1,0,0,1,0,2,3,188
0.0,0,1,0,0,1,0,2,2,305
0.0,2,3,0,0,1,0,2,2,228
0.0,2,3,0,0,1,0,2,2,314
0.0,3,1,0,0,1,0,2,3,198
0.0,2,3,0,0,1,0,2,2,218
0.0,1,3,0,0,1,0,2,2,191
0.0,1,3,0,0,1,0,2,2,191
0.0,1,1,0,0,1,0,2,2,218
0.0,3,1,0,0,1,0,2,2,220
0.0,1,3,0,0,0,0,2,2,260
0.0,2,1,0,0,1,0,2,2,255
0.0,2,3,0,0,1,0,2,2,189
0.0,1,3,0,0,1,0,2,3,314
0.0,1,1,1,0,1,0,2,2,255
0.0,0,1,0,0,1,0,2,2,198
0.0,3,1,0,0,1,0,2,2,140
0.0,1,2,0,0,1,0,2,2,182
0.0,1,1,1,0,0,0,2,2,218
0.0,1,2,0,0,1,0,2,2,218
0.0,2,1,1,0,1,0,2,2,218
0.0,1,1,0,0,0,0,2,2,198
0.0,3,1,0,0,1,0,2,2,205
0.0,0,1,0,1,1,0,2,2,286
0.0,2,1,1,0,1,0,2,2,278
0.0,1,1,0,0,1,0,2,2,198
0.0,1,1,0,0,1,0,2,2,269
0.0,3,1,0,0,1,0,2,2,255
0.0,2,1,0,0,1,0,2,2,159
0.0,1,3,1,0,0,0,2,2,255
0.0,3,3,0,0,0,0,2,2,36
0.0,3,1,1,0,1,0,2,2,198
0.0,2,3,1,0,1,0,2,2,260
0.0,2,1,0,0,0,0,2,2,162
0.0,2,1,0,0,0,0,2,2,162
0.0,2,1,0,0,1,0,2,2,243
0.0,3,1,1,0,1,0,2,2,236
0.0,3,1,1,0,1,0,2,2,236
0.0,3,3,0,0,1,0,2,2,255
0.0,3,3,0,0,1,0,2,2,255
0.0,1,3,0,0,1,0,2,2,342
0.0,2,2,0,0,1,0,2,3,286
0.0,3,3,0,0,1,0,2,3,153
0.0,2,3,0,0,1,0,2,3,319
0.0,3,1,0,0,1,0,2,3,255
0.0,1,3,0,0,1,0,2,2,159
0.0,2,3,0,0,1,0,2,3,311
0.0,2,1,0,0,1,0,2,2,168
0.0,2,3,0,0,1,0,2,0,0
0.0,3,1,0,0,1,0,2,2,192
0.0,1,3,0,0,1,0,2,2,311
0.0,3,1,0,0,1,0,2,2,311
0.0,3,2,0,0,1,0,2,3,218
0.0,3,1,0,0,1,0,2,3,218
0.0,1,3,0,0,0,0,2,3,87
0.0,2,3,0,0,1,0,2,3,251
0.0,3,1,0,0,1,0,2,0,0
0.0,1,1,0,0,0,0,2,2,218
0.0,1,3,0,0,0,0,2,3,269
0.0,3,3,0,0,1,0,2,3,108
0.0,3,3,0,0,1,0,2,3,108
0.0,3,1,1,0,1,0,2,1,255
0.0,1,1,1,0,1,0,2,2,269
0.0,0,1,0,0,0,0,2,2,129
0.0,3,1,0,0,1,0,2,2,255
0.0,3,1,0,0,1,0,2,2,209
0.0,3,1,0,0,1,0,2,2,220
0.0,3,2,0,0,1,0,2,2,219
0.0,3,2,0,0,1,0,2,2,255
0.0,1,1,0,0,1,0,2,2,311
0.0,2,3,1,0,0,0,2,2,206
0.0,1,3,0,0,1,0,2,2,255
0.0,2,3,0,0,1,0,2,2,285
0.0,2,3,0,0,1,0,2,2,285
0.0,1,1,0,0,1,0,2,2,254
0.0,2,3,0,0,1,0,2,3,248
0.0,3,3,0,0,1,0,2,3,255
0.0,2,3,0,0,1,0,2,3,255
0.0,2,1,0,0,1,0,2,3,0
0.0,2,3,0,0,1,0,2,3,255
0.0,3,1,0,0,1,0,2,3,218
0.0,2,3,0,0,0,0,2,3,252
0.0,2,3,0,0,1,0,2,2,286
0.0,1,1,0,0,1,0,2,3,311
0.0,2,1,0,1,1,0,2,1,108
0.0,2,1,0,1,1,0,2,1,108
0.0,2,1,0,0,1,0,2,2,341
0.0,1,3,0,0,1,0,2,2,129
0.0,1,3,1,0,0,0,2,2,143
0.0,3,3,0,0,1,0,2,3,314
0.0,1,1,1,0,1,0,2,3,301
0.0,3,1,1,0,1,0,2,2,314
0.0,1,2,0,0,1,0,2,3,159
0.0,0,1,1,0,1,0,2,1,146
0.0,3,1,0,0,1,0,2,2,182
0.0,3,1,0,0,1,0,2,2,229
0.0,1,3,0,0,1,0,2,3,353
0.0,2,3,0,0,0,0,2,3,218
0.0,2,3,0,0,1,0,2,3,248
0.0,3,1,0,0,1,0,2,2,286
0.0,0,1,0,0,1,0,2,1,286
0.0,3,1,0,0,1,0,2,2,255
0.0,2,2,0,0,1,0,2,2,269
0.0,3,1,0,0,1,0,2,3,243
0.0,2,3,0,0,1,0,2,0,0
0.0,1,2,0,0,1,0,2,2,181
0.0,3,1,1,0,1,0,2,2,165
0.0,1,1,0,0,1,0,2,2,245
0.0,2,2,0,0,1,0,2,2,256
0.0,1,3,0,0,0,0,2,2,205
0.0,2,1,0,0,1,0,2,2,0
0.0,2,1,1,0,1,0,2,2,319
0.0,2,3,0,0,1,0,2,2,146
0.0,1,3,1,0,1,0,2,2,286
0.0,2,1,0,0,1,0,2,2,97
0.0,1,3,0,0,1,0,2,2,248
0.0,1,3,0,0,1,0,2,2,269
0.0,3,2,0,0,1,0,2,2,188
0.0,2,2,0,0,1,0,2,2,269
0.0,2,2,0,0,1,0,2,2,188
0.0,2,1,0,0,1,0,2,2,235
0.0,1,1,0,0,1,0,2,2,286
0.0,3,2,0,0,1,0,2,2,311
0.0,3,1,0,0,1,0,2,2,218
0.0,3,3,1,0,1,0,2,2,109
0.0,1,1,0,0,1,0,2,2,159
0.0,3,1,0,0,1,0,2,2,198
0.0,2,2,1,0,1,0,2,2,146
0.0,2,1,0,0,1,0,2,2,203
0.0,1,3,0,0,1,0,2,3,218
0.0,3,3,0,0,1,0,2,3,243
0.0,3,3,0,0,1,0,2,3,243
0.0,3,1,0,0,1,0,2,3,198
0.0,2,1,0,0,1,0,2,3,0
0.0,2,1,0,0,1,0,2,3,0
0.0,2,2,0,0,1,0,2,3,238
0.0,2,3,0,0,0,0,2,3,267
0.0,1,2,1,0,1,0,2,3,195
0.0,0,1,0,0,1,0,2,3,281
0.0,1,2,0,0,0,0,2,3,269
0.0,2,2,0,0,1,0,2,3,319
0.0,2,2,0,0,1,0,2,3,218
0.0,2,3,0,0,1,0,3,3,302
0.0,1,1,0,0,0,0,3,3,286
0.0,1,3,0,0,0,0,3,3,286
0.0,3,1,0,0,1,0,3,3,286
0.0,1,3,0,0,1,0,3,3,349
0.0,2,1,0,0,1,0,3,2,166
0.0,2,2,0,0,1,0,3,2,314
0.0,1,1,0,0,1,0,3,3,286
0.0,2,1,0,0,1,0,3,3,286
0.0,1,1,0,0,1,0,3,3,243
0.0,1,3,0,0,1,0,3,3,269
0.0,1,2,1,0,1,0,3,3,362
0.0,1,3,0,0,1,0,3,2,215
0.0,3,1,0,0,1,0,3,2,0
0.0,3,1,0,0,1,0,3,3,278
0.0,2,2,0,0,1,0,3,2,175
0.0,2,2,0,0,1,0,3,3,269
0.0,2,3,0,0,1,0,3,3,286
0.0,1,3,0,0,1,0,3,3,286
0.0,1,2,0,0,1,0,3,3,20
0.0,2,3,0,0,1,0,3,3,341
0.0,2,3,1,0,1,0,3,3,255
0.0,1,2,0,0,1,0,3,3,328
0.0,2,3,0,0,1,0,3,3,311
0.0,3,1,0,0,1,0,3,3,251
0.0,1,1,0,0,1,0,3,2,304
0.0,3,3,0,0,1,0,3,3,224
0.0,3,1,0,0,1,0,3,3,269
0.0,2,3,0,0,1,0,3,3,0
0.0,3,1,0,0,1,0,3,2,254
0.0,3,1,0,0,1,0,3,2,254
0.0,2,1,1,0,0,0,3,1,269
0.0,3,1,1,0,1,0,3,1,198
0.0,1,1,0,0,1,0,3,2,130
0.0,1,1,0,0,1,0,3,3,319
0.0,2,2,0,0,0,0,3,0,263
0.0,3,3,0,0,1,0,3,2,340
0.0,1,3,0,0,1,0,3,2,129
0.0,3,1,0,0,1,0,3,2,244
0.0,2,1,1,0,1,0,3,2,129
0.0,2,1,1,0,1,0,3,2,129
0.0,3,3,0,0,1,0,3,2,0
0.0,0,1,0,0,1,0,3,2,248
0.0,3,1,0,0,1,0,3,2,302
0.0,2,1,0,0,1,0,3,2,311
0.0,2,1,0,0,1,0,3,2,261
0.0,1,1,0,0,1,0,3,2,311
0.0,2,1,0,0,1,0,3,2,269
0.0,3,1,0,0,1,0,3,2,218
0.0,3,1,0,0,1,0,3,2,233
0.0,3,1,0,0,1,0,3,2,233
0.0,2,3,0,0,1,0,3,3,382
0.0,2,1,0,0,1,0,3,3,22
0.0,2,3,0,0,1,0,3,3,243
0.0,3,1,0,0,1,0,3,3,255
0.0,1,1,0,0,1,0,3,3,302
0.0,1,3,0,0,1,0,3,3,309
0.0,3,2,0,0,1,0,3,3,243
0.0,3,1,1,0,1,0,3,3,159
0.0,3,2,0,0,0,0,3,3,255
0.0,1,2,0,0,0,0,3,3,255
0.0,2,3,0,0,1,0,3,3,269
0.0,2,3,0,0,1,0,3,3,129
0.0,3,1,0,0,1,0,3,3,209
0.0,2,1,0,0,1,0,3,3,271
0.0,2,1,0,0,1,0,3,3,271
0.0,2,3,0,0,1,0,3,3,205
0.0,2,3,0,0,1,0,3,3,302
0.0,2,3,0,0,1,0,3,3,290
0.0,2,1,1,0,1,0,3,3,342
0.0,1,3,0,0,1,0,3,3,311
0.0,2,3,0,0,1,0,3,3,286
0.0,1,2,0,0,0,0,3,3,302
0.0,2,1,0,0,1,0,3,3,324
0.0,1,2,0,0,1,0,3,3,301
0.0,2,2,0,0,1,0,3,3,359
0.0,1,1,0,0,1,0,3,3,345
0.0,2,1,0,0,1,0,3,3,269
0.0,3,2,1,0,1,0,3,3,313
0.0,2,1,0,0,1,0,3,3,255
0.0,2,3,1,0,1,0,3,3,128
0.0,2,3,1,0,1,0,3,3,128
0.0,2,1,0,0,1,0,3,2,255
0.0,1,1,0,0,1,0,3,3,286
0.0,1,1,0,0,1,0,3,0,0
0.0,1,3,0,0,1,0,3,3,353
0.0,3,1,0,0,1,0,3,3,77
0.0,3,1,0,0,1,0,3,3,77
0.0,2,2,0,1,1,0,3,2,216
0.0,0,2,0,0,1,0,3,2,231
0.0,3,1,0,0,1,0,3,2,206
0.0,2,2,0,0,1,0,3,2,159
0.0,2,3,0,0,0,0,3,3,342
0.0,1,3,0,0,0,0,3,3,314
0.0,2,2,0,0,1,0,3,3,379
0.0,2,2,0,0,1,0,3,3,379
0.0,3,1,0,0,1,0,3,2,269
0.0,3,1,0,0,1,0,3,2,269
0.0,2,1,0,0,1,0,3,2,192
0.0,2,1,0,0,1,0,3,2,72
0.0,2,3,0,0,0,0,3,3,302
0.0,2,3,0,0,1,0,3,3,315
0.0,1,1,0,0,1,0,3,3,313
0.0,2,1,0,0,1,0,3,3,168
0.0,1,1,0,0,1,0,3,3,328
0.0,2,1,1,0,1,0,3,3,347
0.0,1,1,0,0,1,0,3,2,279
0.0,1,3,0,0,1,0,3,2,206
0.0,1,1,0,0,1,0,3,3,328
0.0,2,1,0,0,1,0,3,3,307
0.0,1,3,1,0,1,0,3,3,268
0.0,3,1,0,0,1,0,3,3,308
0.0,3,2,0,0,1,0,3,3,286
0.0,2,3,0,0,1,0,3,3,239
0.0,3,3,0,0,1,0,3,3,311
0.0,1,3,0,0,1,0,3,3,311
0.0,1,3,0,0,1,0,3,3,342
0.0,3,3,0,1,1,0,3,0,381
0.0,1,3,0,0,1,0,3,2,218
0.0,2,3,0,0,1,0,3,2,286
0.0,3,1,0,0,1,0,3,3,204
0.0,3,1,0,0,1,0,3,3,204
0.0,2,2,0,0,1,0,3,3,345
0.0,2,2,0,0,1,0,3,3,345
0.0,1,3,0,0,1,0,3,3,312
0.0,3,3,0,0,1,0,3,3,238
0.0,1,3,0,0,1,0,3,3,311
0.0,2,1,0,0,1,0,3,3,229
0.0,2,3,0,0,1,0,3,3,243
0.0,3,3,0,0,1,0,3,3,291
0.0,3,3,0,0,0,0,3,3,251
0.0,3,3,0,0,1,0,3,3,129
0.0,2,3,0,0,1,0,3,3,146
0.0,3,3,0,0,1,0,3,3,302
0.0,3,3,0,0,1,0,3,3,286
0.0,2,1,0,0,1,0,3,3,232
0.0,3,1,0,0,0,0,3,3,286
0.0,3,3,0,0,1,0,3,3,286
0.0,3,3,0,0,1,0,3,3,283
0.0,2,2,0,0,1,0,3,3,268
0.0,3,3,0,0,1,0,3,3,324
0.0,2,2,0,0,1,0,3,3,322
0.0,3,2,0,0,1,0,3,3,199
0.0,3,3,0,0,1,0,3,3,342
0.0,3,2,0,0,1,0,3,3,314
0.0,2,2,0,0,1,0,3,3,341
0.0,3,3,1,0,1,0,3,3,179
0.0,3,1,0,0,1,0,3,2,107
0.0,2,2,0,0,1,0,3,3,374
0.0,2,3,0,0,1,0,3,2,192
0.0,2,3,0,0,0,0,3,3,300
0.0,1,2,0,0,1,0,3,3,241
0.0,3,3,0,0,1,0,3,3,302
0.0,3,3,0,0,0,0,3,3,274
0.0,2,3,0,0,0,0,3,3,0
0.0,3,2,0,0,1,0,3,1,191
0.0,1,3,0,0,1,0,3,2,314
0.0,1,3,0,0,1,0,3,3,286
0.0,2,3,0,0,1,0,3,3,0
0.0,3,2,0,0,1,0,3,3,269
0.0,1,2,0,0,1,0,3,3,331
0.0,1,1,1,0,1,0,3,3,328
0.0,1,3,0,0,1,0,3,3,324
0.0,2,1,0,0,1,0,3,3,286
0.0,2,1,0,0,1,0,3,3,286
0.0,2,3,0,0,0,0,3,3,342
0.0,3,1,0,0,0,0,3,3,302
0.0,2,3,0,0,1,0,3,3,302
0.0,0,2,0,0,1,0,3,3,286
0.0,3,2,0,0,1,0,3,3,228
0.0,3,2,0,0,1,0,3,3,223
0.0,3,1,0,0,1,0,3,3,127
0.0,3,1,0,0,1,0,3,3,127
0.0,3,1,0,0,1,0,3,3,127
0.0,2,3,1,0,1,0,3,2,159
0.0,2,3,1,0,1,0,3,2,159
0.0,2,3,1,0,1,0,3,2,159
0.0,3,3,0,0,1,0,3,2,280
0.0,3,3,0,0,1,0,3,2,280
0.0,2,2,0,0,1,0,3,3,244
0.0,3,1,0,0,1,0,3,3,287
0.0,2,3,1,0,1,0,3,3,108
0.0,3,2,0,0,1,0,3,3,255
0.0,2,1,0,0,1,0,3,3,269
0.0,3,3,0,0,1,0,3,3,206
0.0,2,1,0,0,1,0,3,3,336
0.0,1,3,0,0,1,0,3,3,0
0.0,3,3,0,0,1,0,3,3,248
0.0,2,1,0,0,1,0,3,3,278
0.0,1,2,0,0,1,0,3,3,312
0.0,2,3,0,0,1,0,3,3,311
0.0,2,1,0,0,1,0,3,3,316
0.0,3,1,0,0,1,0,3,3,298
0.0,2,1,0,0,1,0,3,3,269
0.0,2,1,0,0,1,0,3,3,302
0.0,3,2,0,0,1,0,3,3,342
0.0,2,1,0,0,1,0,3,3,286
0.0,2,3,0,0,1,0,3,3,226
0.0,3,1,0,0,1,0,3,3,246
0.0,3,2,0,0,1,0,3,3,348
0.0,3,3,0,0,1,0,3,3,319
0.0,2,2,1,0,1,0,3,3,344
0.0,2,1,0,0,1,0,3,3,243
0.0,1,3,0,0,1,0,3,3,307
0.0,1,1,1,0,1,0,3,2,198
0.0,1,2,0,0,1,0,3,3,306
0.0,1,2,1,0,1,0,3,1,198
0.0,3,1,0,0,1,0,3,3,323
0.0,2,3,0,0,1,0,3,2,269
0.0,3,1,0,0,1,0,3,3,311
0.0,2,3,0,0,1,0,3,3,295
0.0,2,1,0,1,1,0,3,2,324
0.0,3,3,0,0,1,0,3,3,159
0.0,1,3,0,0,1,0,3,3,314
0.0,2,3,0,0,1,0,3,3,336
0.0,3,1,0,0,1,0,3,3,269
0.0,1,3,0,0,1,0,3,3,325
0.0,2,1,1,0,1,0,3,2,129
0.0,2,2,0,0,1,0,3,3,296
0.0,2,1,0,0,1,0,3,3,328
0.0,2,2,0,0,1,0,3,3,336
0.0,2,1,0,0,0,0,3,3,229
0.0,2,2,0,0,1,0,3,1,146
0.0,2,1,1,0,1,0,3,2,314
0.0,1,2,1,0,1,0,3,2,294
0.0,2,1,0,0,1,0,3,2,286
0.0,2,1,0,0,1,0,3,2,286
0.0,2,3,0,0,1,0,3,3,367
0.0,3,1,0,0,1,0,3,3,345
0.0,3,1,0,0,1,0,3,3,206
0.0,2,1,0,0,1,0,3,3,302
0.0,3,2,0,0,1,0,3,3,302
0.0,1,3,0,0,1,0,3,3,311
0.0,2,3,0,0,1,0,3,3,311
0.0,2,3,0,0,1,0,3,3,330
0.0,2,1,0,0,1,0,3,3,314
0.0,2,3,0,0,1,0,3,3,314
0.0,2,3,0,0,1,0,3,3,314
0.0,2,2,0,0,1,0,3,3,343
0.0,3,1,0,0,1,0,3,3,319
0.0,2,3,0,0,1,0,3,3,338
0.0,3,1,0,0,1,0,3,3,339
0.0,2,3,0,0,1,0,3,3,311
0.0,3,1,1,0,1,0,3,3,311
0.0,3,1,0,0,1,0,3,3,0
0.0,2,3,0,0,1,0,3,3,359
0.0,1,1,0,0,1,0,3,3,72
0.0,2,3,0,1,1,0,3,3,382
0.0,2,3,0,0,1,0,3,3,341
0.0,2,3,0,0,1,0,3,3,341
0.0,2,1,0,0,1,0,3,3,286
0.0,3,2,0,0,1,0,3,3,311
0.0,3,1,0,0,1,0,3,3,230
0.0,3,3,0,0,1,0,3,3,48
0.0,2,2,0,0,1,0,3,3,157
0.0,1,3,0,0,1,0,3,0,0
0.0,1,3,0,0,1,0,3,3,334
0.0,3,1,0,0,1,0,3,3,286
0.0,3,1,0,0,1,0,3,3,341
0.0,3,3,0,0,1,0,3,3,311
0.0,2,3,0,0,1,0,3,3,311
0.0,2,3,0,0,1,0,3,3,361
0.0,2,2,0,0,1,0,3,0,0
0.0,3,3,0,0,1,0,3,1,264
0.0,2,2,0,0,1,0,3,1,206
0.0,1,1,0,0,1,0,3,2,218
0.0,2,2,0,0,0,0,3,3,314
0.0,3,3,0,0,1,0,3,3,315
0.0,2,3,0,1,1,0,3,3,326
0.0,1,3,0,0,1,0,3,3,342
0.0,1,3,0,0,1,0,3,3,311
0.0,2,3,0,0,1,0,3,3,328
0.0,3,1,0,0,1,0,3,3,348
0.0,2,2,0,0,0,0,3,3,342
0.0,1,3,0,0,1,0,3,3,319
0.0,3,3,0,0,1,0,3,3,313
0.0,2,2,0,0,1,0,3,3,325
0.0,3,1,0,0,1,0,3,3,311
0.0,3,1,0,0,1,0,3,3,314
0.0,2,1,0,0,1,0,3,3,237
0.0,2,3,0,0,1,0,3,3,198
0.0,2,2,0,0,1,0,3,3,342
0.0,3,3,0,0,1,0,3,3,312
0.0,3,3,0,0,1,0,3,3,312
0.0,2,3,0,0,1,0,3,3,341
0.0,3,3,0,0,1,0,3,3,302
0.0,2,1,0,0,1,0,3,3,342
0.0,1,2,0,0,1,0,3,3,22
0.0,3,3,0,0,1,0,3,3,348
0.0,3,3,0,0,1,0,3,3,348
0.0,2,3,0,0,1,0,3,3,341
0.0,1,3,0,0,0,0,3,0,176
0.0,2,1,0,0,1,0,3,1,97
0.0,2,1,0,0,1,0,3,2,182
0.0,2,3,0,0,1,0,3,3,297
0.0,2,3,0,0,1,0,3,3,297
0.0,3,3,0,0,1,0,3,3,272
0.0,2,3,0,0,1,0,3,3,345
0.0,3,3,0,0,1,0,3,3,319
0.0,3,3,0,0,0,0,3,3,331
0.0,3,1,0,0,1,0,3,3,302
0.0,3,3,0,0,1,0,3,3,353
0.0,3,2,0,0,1,0,3,3,311
0.0,3,3,0,0,1,0,3,3,314
0.0,3,2,0,0,1,0,3,3,328
0.0,3,1,0,0,1,0,3,3,343
0.0,1,1,1,0,1,0,3,3,307
0.0,3,3,0,0,1,0,3,3,325
0.0,3,3,0,0,1,0,3,3,345
0.0,2,3,0,0,1,0,3,3,328
0.0,2,2,1,0,1,0,3,3,319
0.0,3,3,0,0,1,0,3,3,319
0.0,2,3,0,0,1,0,3,3,342
0.0,2,3,0,1,1,0,3,3,302
0.0,2,3,0,1,1,0,3,3,302
0.0,3,2,0,0,1,0,3,3,314
0.0,2,3,0,0,1,0,3,3,377
0.0,2,1,0,0,1,0,3,3,336
0.0,1,3,0,0,1,0,3,3,255
0.0,3,3,0,0,1,0,3,3,353
0.0,2,3,0,0,1,0,3,3,345
0.0,1,3,0,0,0,0,3,3,342
0.0,2,1,1,0,1,0,3,1,228
0.0,2,3,0,0,1,0,3,0,0
0.0,3,2,0,0,1,0,3,3,311
0.0,1,3,0,0,1,0,3,3,319
0.0,3,1,0,0,1,0,3,3,314
0.0,2,3,0,0,1,0,3,3,311
0.0,3,1,0,0,1,0,3,3,328
0.0,2,3,0,0,1,0,3,3,335
0.0,2,3,0,0,1,0,3,3,345
0.0,3,3,0,0,1,0,3,3,348
0.0,2,1,1,0,1,0,3,3,269
0.0,2,2,0,0,1,0,3,3,351
0.0,3,3,0,0,1,0,3,0,374
0.0,3,3,0,0,1,0,3,3,342
0.0,2,2,0,0,1,0,3,3,336
0.0,3,1,0,0,1,0,3,3,314
0.0,3,1,0,0,1,0,3,3,314
0.0,3,3,0,0,1,0,3,3,336
0.0,2,3,0,0,1,0,3,3,269
0.0,3,3,0,0,1,0,3,3,328
0.0,2,3,0,0,1,0,3,2,146
0.0,2,1,1,0,1,0,3,2,218
0.0,1,3,0,0,1,0,3,3,319
0.0,2,1,0,0,0,0,3,3,286
0.0,3,1,0,0,1,0,3,3,269
0.0,2,1,0,1,1,0,3,3,319
0.0,2,1,0,0,0,0,3,3,350
0.0,2,3,0,0,1,0,3,3,343
0.0,3,3,0,0,1,0,3,3,352
0.0,2,1,0,0,1,0,3,3,314
0.0,3,1,0,0,1,0,3,3,0
0.0,2,3,0,0,1,0,3,3,329
0.0,2,3,0,0,0,0,3,3,357
0.0,3,3,0,0,1,0,3,3,336
0.0,3,3,0,0,1,0,3,3,364
0.0,2,3,0,0,1,0,3,3,332
0.0,1,1,0,0,1,0,3,3,302
0.0,3,1,0,0,1,0,3,3,348
0.0,2,3,0,0,1,0,3,3,371
0.0,3,1,0,0,1,0,3,3,374
0.0,2,2,0,0,1,0,3,3,229
0.0,2,3,0,0,1,0,3,3,0
0.0,2,3,0,1,1,0,3,3,343
0.0,3,3,0,0,1,0,3,3,341
0.0,2,1,0,0,1,0,3,3,342
0.0,3,3,0,0,1,0,3,3,314
0.0,3,1,0,0,1,0,3,3,0
0.0,2,2,0,0,1,0,3,3,336
0.0,3,3,0,0,1,0,3,3,374
0.0,3,3,0,0,1,0,3,3,374
0.0,3,1,0,0,1,0,3,3,0
0.0,3,3,0,0,1,0,3,3,341
0.0,3,3,0,0,1,0,3,3,342
0.0,3,3,0,0,1,0,3,3,342
0.0,3,1,0,0,1,0,3,3,350
0.0,2,2,0,0,1,0,3,3,0
0.0,3,3,0,0,1,0,3,3,381
0.0,3,3,0,0,1,0,3,3,381
0.0,3,3,0,0,1,0,3,3,328
0.0,2,3,0,0,1,0,3,3,342
0.0,3,3,0,0,1,0,3,3,346
0.0,3,3,0,0,1,0,3,3,346
0.0,2,3,0,0,1,0,3,3,349
0.0,3,2,0,0,1,0,3,3,350
0.0,2,2,0,0,1,0,3,3,319
0.0,2,3,0,0,1,0,3,3,353
0.0,3,3,0,0,1,0,3,3,348
0.0,2,3,0,0,1,0,3,3,342
0.0,3,1,0,0,1,0,3,3,344
0.0,1,3,0,0,1,0,3,3,343
0.0,2,3,0,0,1,0,3,3,357
0.0,3,3,0,0,1,0,3,3,370
0.0,3,3,0,0,1,0,3,3,310
0.0,2,3,0,0,1,0,3,3,328
0.0,3,3,0,0,1,0,3,3,352
0.0,3,3,0,0,1,0,3,3,353
0.0,2,3,0,0,1,0,3,3,344
0.0,2,3,1,0,1,0,3,3,326
0.0,2,2,0,0,1,0,3,3,342
0.0,2,3,0,0,1,0,3,3,350
0.0,3,1,0,0,1,0,3,3,336
0.0,3,3,0,0,0,0,3,3,348
0.0,3,3,0,0,1,0,3,3,357
0.0,2,2,0,0,1,0,3,3,198
0.0,1,3,0,0,1,0,3,3,359
0.0,3,3,0,0,1,0,3,3,354
0.0,2,3,0,0,1,0,3,3,0
0.0,3,3,0,0,1,0,3,3,357
0.0,1,3,0,0,1,0,3,3,314
0.0,3,3,0,0,1,0,3,3,343
0.0,3,3,0,0,1,0,3,3,369
0.0,2,1,0,0,1,0,3,3,333
0.0,2,3,0,0,1,0,3,3,377
0.0,2,3,0,0,1,0,3,3,350
0.0,3,3,0,0,1,0,3,3,355
0.0,3,3,0,0,1,0,3,3,375
0.0,3,3,0,0,1,0,3,3,375
0.0,3,1,0,0,1,0,3,3,375
0.0,3,2,0,0,1,0,3,3,361
0.0,3,2,0,0,1,0,3,2,286
0.0,2,3,0,0,1,0,3,3,359
0.0,2,3,0,0,1,0,3,3,319
0.0,3,3,1,0,1,0,3,3,364
0.0,3,3,0,0,1,0,3,3,354
0.0,2,3,0,0,1,0,3,3,336
0.0,2,2,0,0,1,0,3,3,376
0.0,2,3,0,0,1,0,3,3,380
0.0,3,3,0,0,1,0,3,3,378
0.0,3,3,0,0,1,0,3,3,378
0.0,3,3,0,0,1,0,3,3,368
0.0,2,2,0,0,1,0,3,3,374
0.0,3,3,0,0,1,0,3,3,364
0.0,2,3,0,0,1,0,3,3,371
0.0,3,1,0,0,0,0,3,3,374
0.0,3,3,0,0,1,0,3,3,0
0.0,3,3,0,0,1,0,3,3,372
0.0,3,3,0,0,1,0,3,3,367
0.0,1,3,0,0,1,0,3,3,371
0.0,3,3,0,0,1,0,3,3,367
0.0,3,3,0,0,1,0,3,3,375
0.0,3,2,0,0,1,0,3,3,353
0.0,3,1,0,0,1,0,3,3,0
0.0,3,3,0,0,1,0,3,3,381
0.0,3,3,0,0,1,0,3,0,0
0.0,2,3,0,0,1,0,3,3,384
0.0,3,3,0,0,1,0,3,3,383
0.0,2,3,0,0,1,0,3,3,386
0.0,3,3,0,0,1,0,3,3,381
0.0,3,3,0,0,1,0,3,3,375
0.0,3,3,0,0,1,0,3,3,302
0.0,1,3,0,0,1,0,3,3,374
0.0,3,3,0,0,1,0,3,3,385
0.0,3,1,0,0,1,0,3,3,381
0.0,3,0,1,0,0,1,0,0,0
0.0,3,0,1,0,1,1,0,0,0
0.0,3,0,1,0,1,1,0,0,0
0.0,3,0,1,0,1,1,0,0,0
0.0,3,0,1,0,0,1,0,0,0
0.0,3,0,1,0,1,1,0,0,0
0.0,3,0,1,0,0,1,0,0,0
0.0,3,0,1,0,1,1,0,0,0
0.0,3,0,0,0,1,1,0,0,0
0.0,2,0,1,0,1,1,0,0,0
0.0,3,0,1,0,1,1,0,0,22
0.0,3,0,0,1,0,1,0,0,0
0.0,3,0,0,0,0,1,0,0,0
0.0,3,0,1,0,1,1,0,0,0
0.0,3,0,0,0,1,1,0,0,0
0.0,3,0,1,0,1,1,0,0,0
0.0,2,0,0,0,1,1,0,0,0
0.0,3,0,0,0,1,1,0,0,0
0.0,3,0,1,0,1,1,0,0,0
0.0,3,0,0,1,1,1,0,0,0
0.0,3,0,0,0,1,1,0,0,0
0.0,3,0,0,1,1,1,0,0,0
0.0,3,0,1,0,1,1,0,0,0
0.0,3,0,0,0,1,1,0,0,0
0.0,0,0,1,0,0,1,0,0,0
0.0,2,1,0,1,1,1,0,0,0
0.0,3,1,1,0,1,1,0,0,0
0.0,3,1,1,0,1,1,0,0,0
0.0,1,1,1,0,0,1,0,0,0
0.0,2,1,0,0,1,1,0,0,63
0.0,0,1,1,0,0,1,0,0,0
0.0,0,1,1,0,0,1,0,0,0
0.0,3,0,0,0,1,1,0,0,0
0.0,3,0,0,0,1,1,0,0,0
0.0,2,0,0,0,1,1,0,0,0
0.0,2,1,0,0,1,1,0,0,0
0.0,3,1,0,0,1,1,0,0,22
0.0,2,0,0,0,1,1,0,0,0
0.0,2,0,0,0,1,1,0,0,0
0.0,2,0,0,0,1,1,0,0,0
0.0,2,1,0,0,1,1,0,0,0
0.0,3,0,0,0,1,1,0,0,0
0.0,3,1,1,0,1,1,0,0,0
0.0,3,0,0,0,1,1,0,0,0
0.0,3,0,1,0,1,1,0,0,0
0.0,3,0,1,0,1,1,0,0,0
0.0,3,0,0,0,1,1,0,0,0
0.0,2,0,0,0,1,1,0,0,0
0.0,3,0,0,0,1,1,0,0,0
0.0,3,1,0,0,1,1,0,0,17
0.0,2,1,0,0,1,1,0,0,0
0.0,2,1,0,0,1,1,0,0,0
0.0,3,0,0,0,1,1,0,0,0
0.0,3,0,1,0,1,1,0,0,0
0.0,3,0,0,0,1,1,0,0,0
0.0,2,0,0,0,1,1,0,0,0
0.0,3,0,0,0,1,1,0,0,0
0.0,3,1,0,0,0,1,0,0,0
0.0,2,0,0,0,1,1,0,0,0
0.0,3,0,0,0,1,1,0,0,0
0.0,3,1,0,0,1,1,0,0,0
0.0,3,1,0,0,1,1,0,0,0
0.0,3,0,0,1,1,1,0,0,0
0.0,0,0,0,0,1,1,0,0,99
0.0,2,0,0,0,1,1,0,0,0
0.0,2,0,0,0,1,1,0,0,0
0.0,3,0,0,0,1,1,0,0,0
0.0,0,0,1,0,0,1,0,0,0
0.0,3,0,0,0,1,1,0,1,0
0.0,3,0,0,0,1,1,0,1,0
0.0,0,1,1,0,0,1,0,1,0
0.0,3,0,0,0,1,1,0,1,0
0.0,3,0,0,0,1,1,0,1,343
0.0,2,1,0,0,1,1,0,2,72
0.0,3,0,0,0,1,1,0,2,373
0.0,1,1,0,0,1,1,0,3,387
0.0,3,0,1,0,1,1,0,0,0
0.0,3,0,1,0,1,1,0,0,0
0.0,3,0,0,0,1,1,0,0,0
0.0,3,0,1,0,0,1,0,0,0
0.0,2,1,1,0,1,1,0,0,182
0.0,2,0,0,0,0,1,0,0,0
0.0,2,0,0,0,0,1,0,1,0
0.0,0,1,0,0,0,1,0,0,1
0.0,2,0,1,0,0,1,0,0,93
0.0,0,1,1,0,0,1,0,0,0
0.0,0,1,1,0,0,1,0,0,0
0.0,0,1,0,0,1,1,0,0,0
0.0,2,0,1,0,0,1,0,0,0
0.0,0,1,1,0,0,1,0,1,0
0.0,2,0,1,0,1,1,0,1,0
0.0,2,0,1,0,1,1,0,1,0
0.0,3,0,0,0,1,1,0,0,0
0.0,3,0,0,0,1,1,0,0,0
0.0,0,0,1,0,0,1,0,0,0
0.0,2,0,1,0,0,1,0,0,98
0.0,2,1,1,0,0,1,0,0,0
0.0,0,1,1,0,0,1,0,0,0
0.0,1,1,1,0,0,1,0,0,22
0.0,0,0,1,0,0,1,0,0,0
0.0,3,0,0,0,0,1,0,1,0
0.0,0,1,0,0,0,1,0,1,17
0.0,2,0,1,0,0,1,0,0,0
0.0,3,0,0,0,1,1,0,0,0
0.0,0,0,1,0,0,1,0,0,48
0.0,1,1,1,0,0,1,0,0,0
0.0,0,1,0,0,0,1,0,1,72
0.0,3,0,0,0,1,1,0,1,0
0.0,0,0,1,0,0,1,0,0,0
0.0,3,1,1,0,1,1,0,0,0
0.0,0,1,0,1,0,1,0,0,0
0.0,2,0,1,0,1,1,0,1,108
0.0,2,0,1,0,1,1,0,1,108
0.0,0,1,0,0,0,1,0,1,48
0.0,3,1,1,0,1,1,0,0,0
0.0,2,0,1,0,1,1,0,0,0
0.0,2,1,1,0,1,1,0,0,0
0.0,2,1,1,0,1,1,0,0,0
0.0,2,1,1,0,1,1,0,0,0
0.0,2,1,0,0,1,1,0,0,0
0.0,3,1,1,0,1,1,0,0,0
0.0,0,1,1,0,0,1,0,1,0
0.0,2,0,1,0,1,1,0,1,0
0.0,2,0,1,0,1,1,0,1,69
0.0,2,0,1,0,1,1,0,1,69
0.0,2,0,1,0,1,1,0,1,69
0.0,1,1,1,0,0,1,0,1,0
0.0,0,1,0,0,0,1,0,0,0
0.0,0,0,0,0,1,1,0,1,0
0.0,2,0,1,0,1,1,0,1,22
0.0,3,0,1,0,1,1,0,1,0
0.0,0,1,0,0,0,1,0,3,0
0.0,0,1,1,0,1,1,0,1,66
0.0,0,1,1,0,0,1,0,0,0
0.0,1,1,1,0,1,1,0,0,0
0.0,3,0,1,0,1,1,0,0,50
0.0,3,0,0,0,1,1,0,1,192
0.0,3,0,0,0,1,1,0,1,21
0.0,0,0,0,0,1,1,0,1,19
0.0,1,0,1,0,1,1,0,0,0
0.0,0,1,0,0,0,1,0,0,72
0.0,3,1,1,0,0,1,0,1,0
0.0,3,0,0,0,1,1,0,0,0
0.0,0,0,0,0,1,1,0,1,48
0.0,1,1,1,0,1,1,0,0,0
0.0,0,1,1,0,1,1,0,1,22
0.0,0,1,1,0,0,1,0,1,0
0.0,2,0,1,0,1,1,0,0,0
0.0,3,1,1,0,1,1,0,0,0
0.0,0,0,0,0,0,1,0,0,0
0.0,1,0,1,0,1,1,0,0,0
0.0,3,0,1,0,0,1,0,1,0
0.0,2,1,1,0,1,1,1,0,0
0.0,1,0,0,0,1,1,1,0,0
0.0,1,0,1,0,0,1,1,0,48
0.0,3,0,1,0,1,1,1,0,0
0.0,2,0,1,0,1,1,1,0,159
0.0,1,0,1,0,1,1,1,1,33
0.0,3,0,1,0,1,1,1,1,0
0.0,0,1,1,0,0,1,1,1,2
0.0,1,0,1,0,1,1,1,1,0
0.0,3,0,1,0,1,1,1,1,159
0.0,0,0,1,0,1,1,1,1,0
0.0,2,0,1,0,1,1,1,1,72
0.0,1,0,0,0,0,1,1,1,28
0.0,3,1,0,0,1,1,1,1,146
0.0,2,0,1,0,1,1,1,1,16
0.0,1,0,1,0,0,1,1,1,0
0.0,0,1,0,0,1,1,1,1,0
0.0,2,1,1,0,1,1,1,0,0
0.0,3,0,1,0,0,1,1,1,33
0.0,3,0,0,0,1,1,1,0,0
0.0,0,1,0,0,1,1,1,0,0
0.0,2,0,1,0,1,1,1,1,0
0.0,0,1,0,0,1,1,1,0,0
0.0,1,0,1,0,1,1,1,0,0
0.0,0,1,1,0,1,1,1,1,2
0.0,3,0,0,1,1,1,1,1,0
0.0,3,0,1,0,1,1,1,1,1
0.0,2,1,1,0,1,1,1,1,0
0.0,2,0,1,0,1,1,1,0,3
0.0,1,0,1,0,1,1,1,1,0
0.0,2,1,1,0,1,1,1,1,0
0.0,2,1,1,0,1,1,1,1,0
0.0,2,1,0,0,1,1,1,0,0
0.0,2,0,1,0,0,1,1,0,0
0.0,2,0,1,0,0,1,1,1,0
0.0,3,0,1,0,1,1,1,0,0
0.0,3,0,1,0,1,1,1,0,0
0.0,2,1,0,1,1,1,1,1,22
0.0,2,1,1,0,1,1,1,1,0
0.0,3,1,1,0,0,1,1,0,0
0.0,0,1,1,0,1,1,1,0,0
0.0,1,1,1,0,1,1,1,0,0
0.0,3,0,1,0,1,1,1,1,72
0.0,3,0,1,0,1,1,1,1,72
0.0,3,0,0,0,1,1,1,1,22
0.0,1,0,1,0,1,1,1,1,0
0.0,3,0,1,0,1,1,1,1,0
0.0,3,0,1,0,1,1,1,1,6
0.0,2,0,0,0,1,1,1,1,0
0.0,2,0,1,0,1,1,1,1,26
0.0,0,1,0,0,1,1,1,1,77
0.0,2,1,0,0,1,1,1,1,21
0.0,3,0,1,0,1,1,1,1,25
0.0,1,0,1,0,1,1,1,1,0
0.0,0,1,1,0,1,1,1,0,0
0.0,2,1,0,0,1,1,1,0,0
0.0,1,0,0,0,1,1,1,1,9
0.0,2,1,0,0,1,1,1,0,0
0.0,3,0,1,0,1,1,1,0,0
0.0,2,0,1,0,1,1,1,1,0
0.0,1,0,0,0,1,1,1,1,77
0.0,2,0,1,0,1,1,1,1,0
0.0,2,1,1,0,1,1,1,1,182
0.0,2,1,1,0,1,1,1,1,0
0.0,1,1,1,0,1,1,1,0,0
0.0,1,1,0,1,1,1,1,1,48
0.0,2,0,1,0,1,1,1,1,0
0.0,2,0,1,0,1,1,1,1,22
0.0,3,0,1,0,0,1,1,1,0
0.0,3,0,0,0,1,1,1,1,48
0.0,3,0,1,0,1,1,1,1,0
0.0,1,0,1,0,1,1,1,1,97
0.0,0,0,0,0,1,1,1,0,72
0.0,1,1,1,0,1,1,1,1,0
0.0,0,1,0,1,1,1,1,1,97
0.0,2,1,1,0,1,1,1,1,110
0.0,3,0,0,0,1,1,1,2,145
0.0,1,1,1,0,1,1,1,0,108
0.0,3,0,1,0,1,1,1,1,1
0.0,3,1,0,0,1,1,1,1,2
0.0,1,1,0,0,1,1,1,1,22
0.0,1,0,0,0,1,1,1,1,33
0.0,0,1,1,0,1,1,1,1,48
0.0,2,0,1,0,1,1,1,1,0
0.0,3,0,1,0,1,1,1,0,0
0.0,2,1,0,0,1,1,1,0,218
0.0,2,0,0,0,1,1,1,0,22
0.0,3,0,1,0,1,1,1,0,0
0.0,0,1,1,0,1,1,1,0,0
0.0,3,0,1,0,1,1,1,1,0
0.0,2,0,1,0,1,1,1,1,17
0.0,3,0,1,0,0,1,1,1,0
0.0,3,0,1,0,0,1,1,1,0
0.0,1,1,1,0,1,1,1,1,48
0.0,2,0,1,0,1,1,1,1,129
0.0,2,1,1,0,0,1,1,1,0
0.0,3,1,0,0,1,1,1,2,159
0.0,1,1,0,0,1,1,1,2,198
0.0,2,0,0,0,1,1,1,3,0
0.0,0,1,1,0,1,1,1,1,17
0.0,0,1,0,1,1,1,1,0,108
0.0,2,1,1,0,1,1,1,1,0
0.0,1,0,0,0,1,1,1,1,48
0.0,2,1,1,0,1,1,1,1,7
0.0,2,1,1,0,0,1,1,1,0
0.0,2,0,1,0,1,1,1,1,0
0.0,2,1,1,0,1,1,1,1,48
0.0,2,1,1,0,1,1,1,1,48
0.0,3,1,1,0,0,1,1,1,72
0.0,3,0,0,1,1,1,1,1,0
0.0,2,1,1,0,1,1,1,1,22
0.0,0,1,0,0,1,1,1,1,7
0.0,3,0,0,0,1,1,1,1,101
0.0,1,0,1,0,1,1,1,1,0
0.0,1,1,0,0,1,1,1,1,0
0.0,2,0,1,0,1,1,1,1,22
0.0,2,0,1,0,1,1,1,1,22
0.0,2,0,1,0,1,1,1,1,129
0.0,2,0,0,0,1,1,1,1,0
0.0,3,0,1,0,1,1,1,1,90
0.0,3,0,1,0,1,1,1,1,90
0.0,1,0,0,0,1,1,1,1,78
0.0,3,1,1,0,1,1,1,0,0
0.0,3,1,1,0,1,1,1,0,0
0.0,3,0,1,0,1,1,1,1,0
0.0,2,0,1,0,1,1,1,1,97
0.0,2,0,1,0,1,1,1,1,0
0.0,2,0,0,0,1,1,1,1,6
0.0,3,0,1,0,1,1,1,1,0
0.0,0,1,0,0,1,1,1,1,182
0.0,3,0,0,1,1,1,1,2,22
0.0,3,1,0,0,1,1,1,3,129
0.0,3,1,1,0,1,1,1,0,74
0.0,1,1,1,0,1,1,1,0,0
0.0,0,1,1,0,0,1,1,1,0
0.0,2,1,0,0,1,1,1,1,192
0.0,2,0,0,0,1,1,1,1,72
0.0,0,1,1,0,0,1,1,0,6
0.0,0,1,0,0,0,1,1,0,43
0.0,0,0,0,0,1,1,1,1,23
0.0,2,0,0,0,1,1,1,2,48
0.0,2,0,0,0,1,1,1,2,146
0.0,1,0,1,0,1,1,1,1,0
0.0,0,0,1,0,1,1,1,1,0
0.0,2,0,1,0,1,1,1,1,7
0.0,1,0,0,0,1,1,1,0,129
0.0,2,1,1,0,0,1,1,0,83
0.0,0,1,1,0,1,1,1,1,14
0.0,1,0,1,0,0,1,1,1,0
0.0,1,0,1,0,1,1,1,1,22
0.0,3,1,0,0,1,1,1,1,15
0.0,3,1,0,0,1,1,1,1,15
0.0,3,0,0,0,1,1,1,1,0
0.0,3,0,0,0,1,1,1,1,0
0.0,3,0,0,0,1,1,1,1,0
0.0,2,1,1,0,1,1,1,1,0
0.0,2,1,1,0,1,1,1,1,0
0.0,3,0,0,0,1,1,1,1,17
0.0,3,0,1,0,1,1,1,1,22
0.0,3,1,1,0,1,1,1,1,62
0.0,2,1,0,0,1,1,1,1,22
0.0,2,1,1,0,0,1,1,1,202
0.0,3,0,1,0,1,1,1,1,41
0.0,3,0,1,0,1,1,1,1,41
0.0,1,1,1,0,1,1,1,1,19
0.0,3,1,1,0,1,1,1,1,0
0.0,3,0,0,1,1,1,1,1,17
0.0,3,0,1,0,1,1,1,1,17
0.0,3,0,1,0,0,1,1,1,22
0.0,2,0,0,0,1,1,1,1,0
0.0,3,0,1,0,1,1,1,1,60
0.0,3,0,0,0,1,1,1,0,0
0.0,1,1,0,0,0,1,1,1,108
0.0,3,0,0,0,1,1,1,0,0
0.0,2,0,0,0,1,1,1,1,40
0.0,3,0,1,0,1,1,1,1,22
0.0,3,0,0,0,1,1,1,0,0
0.0,2,1,1,0,1,1,1,1,9
0.0,3,0,1,0,1,1,1,1,49
0.0,3,1,0,0,1,1,1,2,0
0.0,3,1,0,0,1,1,1,2,0
0.0,3,0,0,1,1,1,1,1,52
0.0,3,0,0,1,1,1,1,1,52
0.0,0,1,1,0,1,1,1,2,48
0.0,1,1,1,0,1,1,1,1,72
0.0,2,1,0,0,1,1,1,0,0
0.0,2,0,0,0,1,1,1,1,0
0.0,2,0,0,0,1,1,1,1,0
0.0,0,1,0,0,1,1,1,1,58
0.0,3,0,0,0,1,1,1,1,30
0.0,3,0,1,0,1,1,1,1,48
0.0,2,0,1,0,0,1,1,1,0
0.0,1,0,0,0,1,1,1,1,108
0.0,1,1,0,0,1,1,1,2,0
0.0,3,0,1,0,1,1,1,0,0
0.0,2,0,0,0,1,1,1,1,49
0.0,2,0,0,0,1,1,1,1,49
0.0,2,1,1,0,1,1,1,1,97
0.0,0,0,1,0,0,1,1,1,0
0.0,2,1,1,0,1,1,1,1,39
0.0,2,1,1,0,1,1,1,2,108
0.0,2,0,0,0,1,1,1,1,62
0.0,3,0,1,0,1,1,1,1,30
0.0,2,0,0,0,1,1,1,1,108
0.0,2,1,0,0,0,1,1,1,81
0.0,0,1,0,0,0,1,1,1,72
0.0,0,1,0,0,1,1,1,1,233
0.0,2,0,0,0,1,1,1,1,0
0.0,3,0,1,0,1,1,1,1,0
0.0,0,1,0,0,1,1,1,1,0
0.0,2,1,0,0,1,1,1,1,0
0.0,3,0,1,0,0,1,1,1,18
0.0,3,1,0,0,1,1,1,1,182
0.0,3,0,1,0,1,1,1,1,97
0.0,3,0,1,0,1,1,1,1,97
0.0,1,1,1,0,1,1,1,1,21
0.0,2,1,0,0,1,1,1,1,146
0.0,0,1,0,0,1,1,1,1,0
0.0,3,0,0,0,1,1,1,1,0
0.0,2,1,1,0,0,1,1,1,0
0.0,0,1,0,0,0,1,1,1,314
0.0,3,0,0,0,1,1,1,1,72
0.0,3,0,0,1,1,1,1,1,182
0.0,3,1,1,0,1,1,1,1,84
0.0,2,0,0,0,1,1,1,1,134
0.0,3,0,1,0,1,1,1,1,97
0.0,1,0,0,0,1,1,1,1,14
0.0,2,1,1,0,0,1,1,1,99
0.0,3,0,1,0,1,1,1,0,21
0.0,3,0,0,0,1,1,1,1,98
0.0,1,1,0,0,1,1,1,1,143
0.0,3,0,0,0,1,1,1,1,73
0.0,3,0,0,0,1,1,1,1,48
0.0,3,0,0,0,1,1,1,1,62
0.0,0,1,0,1,1,1,1,1,218
0.0,1,0,0,0,1,1,1,1,97
0.0,3,0,0,1,1,1,1,0,0
0.0,3,0,0,1,1,1,1,0,0
0.0,2,1,0,0,1,1,1,2,153
0.0,2,1,0,0,1,1,1,2,153
0.0,0,1,0,0,1,1,1,1,0
0.0,3,0,0,0,1,1,1,2,0
0.0,1,1,1,0,1,1,1,1,22
0.0,3,0,0,0,1,1,1,1,61
0.0,3,0,1,0,1,1,1,1,17
0.0,2,1,1,0,0,1,1,1,22
0.0,1,1,1,0,1,1,1,1,0
0.0,2,0,0,0,1,1,1,1,97
0.0,0,0,0,0,1,1,1,1,118
0.0,0,1,1,0,1,1,1,1,108
0.0,3,1,0,0,1,1,1,1,0
0.0,2,1,0,0,1,1,1,1,243
0.0,3,1,1,0,0,1,1,1,22
0.0,1,1,0,0,1,1,1,1,72
0.0,2,0,1,0,1,1,1,1,129
0.0,2,0,1,0,1,1,1,1,243
0.0,0,1,0,0,1,1,1,1,0
0.0,2,1,0,0,1,1,1,1,97
0.0,2,0,0,0,1,1,1,2,206
0.0,3,0,1,0,1,1,1,1,61
0.0,3,0,0,0,1,1,1,1,107
0.0,1,0,0,0,0,1,1,1,129
0.0,3,0,1,0,1,1,1,1,41
0.0,3,0,0,0,1,1,1,1,58
0.0,3,0,0,0,1,1,1,1,108
0.0,3,0,0,0,1,1,1,1,108
0.0,2,0,1,0,1,1,1,1,133
0.0,2,1,0,0,1,1,1,0,129
0.0,3,0,0,0,0,1,1,1,14
0.0,0,0,0,0,1,1,1,1,145
0.0,2,0,0,0,1,1,1,1,0
0.0,2,0,0,1,1,1,1,1,97
0.0,1,0,0,0,1,1,1,1,83
0.0,0,1,1,0,0,1,1,1,0
0.0,3,0,0,1,0,1,1,0,0
0.0,2,1,1,0,0,1,1,0,0
0.0,1,1,1,0,0,1,1,1,56
0.0,0,1,1,0,1,1,1,1,0
0.0,0,1,0,1,1,1,1,1,146
0.0,2,1,1,0,0,1,1,1,198
0.0,3,0,0,0,1,1,1,1,0
0.0,3,0,0,0,1,1,1,1,6
0.0,3,0,0,0,1,1,1,1,72
0.0,3,0,0,0,1,1,1,1,126
0.0,2,0,1,0,1,1,1,1,129
0.0,1,0,0,0,1,1,1,1,314
0.0,3,0,1,0,1,1,1,1,12
0.0,0,1,0,0,1,1,1,1,138
0.0,2,1,1,0,1,1,1,1,182
0.0,3,0,1,0,1,1,1,1,112
0.0,3,1,0,0,1,1,1,1,137
0.0,3,0,0,0,1,1,1,1,108
0.0,2,1,1,0,1,1,1,1,0
0.0,3,0,0,0,1,1,1,2,107
0.0,3,1,0,0,1,1,1,2,159
0.0,3,1,0,0,1,1,1,2,159
0.0,0,0,0,0,1,1,1,2,0
0.0,0,1,0,0,1,1,1,2,195
0.0,2,0,0,0,1,1,1,2,314
0.0,2,0,1,0,1,1,1,3,21
0.0,2,1,0,0,1,1,1,1,108
0.0,2,1,0,0,1,1,1,1,98
0.0,3,0,1,0,1,1,1,1,0
0.0,2,0,1,0,1,1,1,1,43
0.0,2,1,0,0,1,1,1,2,168
0.0,2,1,0,0,1,1,1,2,168
0.0,3,0,1,0,1,1,1,0,0
0.0,1,1,0,0,1,1,1,2,167
0.0,3,0,1,0,1,1,1,1,0
0.0,3,0,1,0,1,1,1,1,0
0.0,3,0,1,0,1,1,1,1,62
0.0,3,0,0,1,1,1,1,3,243
0.0,3,0,1,0,1,1,1,1,108
0.0,3,0,1,0,1,1,1,1,108
0.0,2,1,1,0,1,1,1,2,72
0.0,3,0,0,0,1,1,1,1,97
0.0,0,1,0,0,0,1,1,0,0
0.0,0,1,0,0,1,1,1,1,17
0.0,2,1,0,0,1,1,1,1,33
0.0,1,0,0,0,1,1,1,1,111
0.0,0,1,0,0,1,1,1,1,109
0.0,3,1,0,0,1,1,1,1,108
0.0,0,1,0,0,1,1,1,1,0
0.0,2,1,1,0,0,1,1,1,99
0.0,1,0,1,0,0,1,1,1,22
0.0,0,1,1,0,1,1,1,1,0
0.0,2,0,0,0,1,1,1,1,94
0.0,3,0,1,0,1,1,1,1,97
0.0,2,1,1,0,1,1,1,1,70
0.0,2,0,1,0,0,1,1,1,22
0.0,2,0,0,0,0,1,1,2,131
0.0,0,1,0,0,1,1,1,0,48
0.0,0,0,0,0,1,1,1,0,0
0.0,3,0,1,0,0,1,1,1,0
0.0,3,1,0,1,1,1,1,1,0
0.0,0,0,1,0,1,1,1,1,72
0.0,2,0,0,0,1,1,1,1,159
0.0,3,1,1,0,1,1,1,1,108
0.0,3,1,1,0,1,1,1,1,108
0.0,2,0,0,0,1,1,1,1,22
0.0,2,0,0,0,1,1,1,1,108
0.0,3,0,1,0,1,1,1,1,97
0.0,0,0,0,0,1,1,1,1,107
0.0,3,1,0,0,1,1,1,1,65
0.0,2,0,0,0,1,1,1,1,0
0.0,1,0,0,0,1,1,1,2,0
0.0,3,1,0,0,1,1,1,2,268
0.0,1,1,1,0,1,1,1,2,218
0.0,3,0,1,0,1,1,1,2,129
0.0,2,1,1,0,0,1,1,2,108
0.0,2,0,1,0,1,1,1,1,0
0.0,3,1,0,0,1,1,1,1,129
0.0,3,0,1,0,1,1,1,1,129
0.0,2,0,0,0,1,1,1,1,146
0.0,3,1,0,0,1,1,1,1,113
0.0,2,0,0,0,1,1,1,2,146
0.0,0,1,0,0,1,1,1,2,182
0.0,3,1,1,0,1,1,1,1,49
0.0,3,1,1,0,1,1,1,2,129
0.0,2,1,1,0,1,1,1,1,153
0.0,3,0,0,0,1,1,1,2,243
0.0,2,1,1,0,1,1,1,2,218
0.0,0,0,0,0,1,1,1,2,28
0.0,0,0,0,0,1,1,1,2,182
0.0,3,0,1,0,1,1,1,1,137
0.0,2,1,1,0,1,1,1,1,159
0.0,2,1,0,0,1,1,1,1,146
0.0,2,1,0,0,1,1,1,1,146
0.0,1,0,1,0,1,1,1,2,269
0.0,1,1,1,0,0,1,1,2,269
0.0,2,1,1,0,1,1,2,1,72
0.0,3,1,0,0,1,1,2,1,155
0.0,3,1,0,0,1,1,2,1,155
0.0,3,0,0,0,1,1,2,1,0
0.0,2,0,0,0,1,1,2,1,0
0.0,2,0,1,0,1,1,2,1,129
0.0,3,1,0,0,1,1,2,1,218
0.0,2,1,0,0,1,1,2,1,218
0.0,0,0,1,0,1,1,2,1,72
0.0,2,0,0,1,1,1,2,1,100
0.0,2,0,0,1,1,1,2,1,100
0.0,1,1,1,0,1,1,2,1,0
0.0,3,0,1,0,1,1,2,1,0
0.0,0,1,0,0,1,1,2,1,0
0.0,3,1,0,0,1,1,2,1,255
0.0,3,0,0,0,1,1,2,1,184
0.0,1,0,1,0,1,1,2,1,243
0.0,3,0,0,0,1,1,2,1,105
0.0,2,0,0,0,1,1,2,1,262
0.0,3,0,0,0,1,1,2,2,159
0.0,2,0,0,0,1,1,2,2,182
0.0,2,0,0,0,1,1,2,2,182
0.0,0,1,0,0,1,1,2,2,238
0.0,2,0,0,0,1,1,2,2,142
0.0,2,1,1,0,1,1,2,2,159
0.0,1,1,0,0,1,1,2,2,255
0.0,3,0,1,0,1,1,2,1,146
0.0,3,0,1,0,1,1,2,2,72
0.0,1,0,0,0,1,1,2,2,269
0.0,0,1,0,0,1,1,2,2,108
0.0,3,1,0,0,1,1,2,2,0
0.0,3,0,0,0,1,1,2,2,129
0.0,3,1,1,0,1,1,2,1,48
0.0,3,0,0,0,1,1,2,1,0
0.0,2,1,1,0,1,1,2,1,129
0.0,3,0,1,0,1,1,2,1,108
0.0,2,0,1,0,1,1,2,2,97
0.0,3,0,0,0,1,1,2,1,129
0.0,2,1,0,0,1,1,2,1,63
0.0,2,1,0,0,1,1,2,2,231
0.0,2,1,0,0,1,1,2,2,129
0.0,2,0,0,0,1,1,2,2,135
0.0,3,1,0,0,1,1,2,3,218
0.0,3,1,0,0,1,1,2,2,149
0.0,3,0,0,0,1,1,2,2,171
0.0,1,1,0,0,1,1,2,2,179
0.0,3,1,1,0,1,1,2,2,197
0.0,3,1,1,0,1,1,2,2,197
0.0,2,0,0,0,1,1,2,1,182
0.0,2,1,1,0,1,1,2,1,117
0.0,3,1,0,0,1,1,2,1,48
0.0,3,0,1,0,1,1,2,1,108
0.0,3,1,0,0,1,1,2,2,159
0.0,3,1,0,0,1,1,2,2,72
0.0,2,0,0,0,1,1,2,2,146
0.0,2,1,1,0,1,1,2,2,198
0.0,2,0,1,0,1,1,2,2,231
0.0,0,1,1,0,1,1,2,2,269
0.0,1,0,0,0,1,1,2,2,198
0.0,3,0,1,0,0,1,2,3,302
0.0,3,0,0,0,0,1,2,3,342
0.0,2,1,0,0,1,1,2,2,166
0.0,3,0,0,0,1,1,2,1,22
0.0,2,0,0,0,1,1,2,2,182
0.0,3,1,0,1,1,1,2,2,129
0.0,3,1,0,0,1,1,2,2,206
0.0,3,1,0,0,1,1,2,2,206
0.0,3,0,0,1,1,1,2,2,143
0.0,3,1,0,0,1,1,2,2,97
0.0,3,1,0,0,1,1,2,2,97
0.0,2,1,1,0,1,1,2,0,388
0.0,2,0,0,0,1,1,2,2,0
0.0,1,0,0,0,1,1,2,2,167
0.0,3,1,0,0,1,1,2,2,185
0.0,3,1,0,0,1,1,2,2,227
0.0,3,0,0,0,1,1,2,3,255
0.0,3,0,1,0,1,1,2,3,159
0.0,2,1,0,0,1,1,2,2,302
0.0,2,1,0,0,1,1,2,2,158
0.0,3,1,0,0,1,1,2,1,310
0.0,2,1,0,0,1,1,2,0,79
0.0,3,1,0,0,1,1,2,0,0
0.0,1,1,0,0,1,1,2,0,156
0.0,2,1,1,0,1,1,2,1,117
0.0,3,0,1,0,0,1,2,1,0
0.0,3,0,0,0,1,1,2,1,139
0.0,3,0,0,0,1,1,2,1,182
0.0,3,0,0,0,1,1,2,1,182
0.0,3,0,0,0,1,1,2,1,182
0.0,3,0,0,0,1,1,2,2,217
0.0,2,0,0,0,1,1,2,2,218
0.0,2,0,1,0,1,1,2,2,48
0.0,3,0,0,0,1,1,2,2,129
0.0,3,0,0,0,1,1,2,2,213
0.0,3,0,1,0,1,1,2,2,182
0.0,1,1,0,0,1,1,2,2,256
0.0,0,1,0,0,1,1,2,2,198
0.0,3,0,0,0,1,1,2,2,211
0.0,3,1,0,0,1,1,2,2,228
0.0,3,0,0,0,1,1,2,2,159
0.0,3,0,0,0,1,1,2,2,229
0.0,2,1,0,0,1,1,2,3,242
0.0,3,1,0,0,1,1,2,0,0
0.0,3,0,1,0,1,1,2,3,269
0.0,2,1,0,0,1,1,2,2,48
0.0,3,0,0,0,1,1,2,2,225
0.0,2,0,0,0,1,1,2,2,183
0.0,2,0,0,0,1,1,2,2,170
0.0,1,1,0,0,1,1,2,2,311
0.0,3,1,1,0,1,1,2,3,255
0.0,3,1,1,0,1,1,2,3,255
0.0,3,0,0,0,1,1,2,2,265
0.0,3,0,0,0,1,1,2,2,129
0.0,2,0,1,0,1,1,2,1,143
0.0,2,1,0,0,1,1,2,2,167
0.0,3,0,0,0,1,1,2,2,206
0.0,2,1,0,0,1,1,2,2,295
0.0,3,0,0,0,1,1,2,2,251
0.0,3,0,0,0,1,1,2,0,48
0.0,2,0,0,0,1,1,2,0,192
0.0,3,0,0,0,1,1,2,1,22
0.0,3,0,0,1,1,1,2,1,182
0.0,3,0,1,0,0,1,2,1,198
0.0,3,1,0,0,1,1,2,2,0
0.0,2,0,0,0,1,1,2,2,345
0.0,3,0,1,0,1,1,2,2,22
0.0,2,0,0,0,1,1,2,2,97
0.0,3,0,1,0,1,1,2,2,218
0.0,2,1,1,0,0,1,2,2,146
0.0,1,0,1,0,1,1,2,2,182
0.0,3,1,0,0,1,1,2,2,198
0.0,3,1,0,0,1,1,2,2,218
0.0,3,0,0,0,1,1,2,2,206
0.0,3,0,0,0,1,1,2,2,128
0.0,3,0,0,0,1,1,2,2,97
0.0,2,0,0,0,1,1,2,2,211
0.0,3,1,0,0,0,1,2,2,293
0.0,2,0,1,0,1,1,2,2,218
0.0,3,0,0,1,1,1,2,0,0
0.0,3,1,0,0,1,1,2,2,174
0.0,2,0,0,0,1,1,2,3,224
0.0,3,1,0,0,1,1,2,3,314
0.0,3,1,1,0,1,1,2,2,222
0.0,3,0,0,0,0,1,2,2,218
0.0,3,1,0,0,1,1,2,1,100
0.0,3,1,1,0,1,1,2,2,188
0.0,2,0,1,0,1,1,2,2,72
0.0,2,0,1,0,1,1,2,2,243
0.0,3,1,1,0,1,1,2,3,255
0.0,3,1,1,0,1,1,2,3,255
0.0,3,1,0,0,1,1,2,3,302
0.0,3,0,1,0,1,1,2,3,286
0.0,3,0,0,0,1,1,2,2,229
0.0,3,0,0,0,1,1,3,3,249
0.0,3,0,0,0,1,1,3,2,214
0.0,3,0,0,0,1,1,3,2,214
0.0,3,1,0,0,1,1,3,3,314
0.0,3,1,0,0,1,1,3,3,248
0.0,2,1,0,0,1,1,3,1,48
0.0,3,0,0,0,1,1,3,2,243
0.0,2,1,0,1,1,1,3,3,324
0.0,3,0,1,0,1,1,3,3,336
0.0,3,1,0,0,1,1,3,2,205
0.0,3,0,1,0,1,1,3,2,314
0.0,3,0,0,0,1,1,3,2,151
0.0,2,1,0,0,1,1,3,3,328
0.0,3,0,0,0,1,1,3,2,168
0.0,2,1,1,0,1,1,3,2,42
0.0,1,1,0,0,1,1,3,2,167
0.0,2,1,1,0,0,1,3,2,343
0.0,2,1,0,0,1,1,3,2,269
0.0,3,1,0,0,1,1,3,2,182
0.0,3,1,1,0,1,1,3,2,0
0.0,3,1,1,0,1,1,3,2,0
0.0,2,1,0,1,1,1,3,2,314
0.0,2,1,0,0,1,1,3,3,313
0.0,3,0,0,0,1,1,3,3,269
0.0,0,1,1,0,0,1,3,1,2
0.0,2,0,0,0,1,1,3,2,345
0.0,3,0,0,0,0,1,3,2,311
0.0,2,1,1,0,1,1,3,3,318
0.0,3,1,0,0,1,1,3,3,243
0.0,2,1,0,0,1,1,3,2,314
0.0,0,1,0,0,1,1,3,1,342
0.0,3,1,1,0,1,1,3,2,209
0.0,3,0,1,0,1,1,3,3,146
0.0,3,0,1,0,1,1,3,3,182
0.0,3,1,0,0,1,1,3,3,243
0.0,3,0,0,0,1,1,3,3,275
0.0,3,0,0,0,1,1,3,3,319
0.0,3,0,0,0,1,1,3,3,243
0.0,3,0,0,0,1,1,3,3,243
0.0,3,0,1,0,1,1,3,2,280
0.0,3,0,1,0,1,1,3,2,280
0.0,3,1,0,0,1,1,3,3,314
0.0,3,0,0,0,1,1,3,3,284
0.0,3,1,0,0,1,1,3,3,314
0.0,3,0,0,0,1,1,3,3,302
0.0,3,0,0,0,1,1,3,3,302
0.0,3,0,1,0,1,1,3,2,198
0.0,3,0,1,0,1,1,3,2,243
0.0,2,1,0,0,1,1,3,2,255
0.0,2,0,0,0,1,1,3,3,302
0.0,3,1,0,0,1,1,3,3,357
0.0,3,0,0,0,1,1,3,3,0
0.0,2,0,0,0,1,1,3,3,198
0.0,3,1,0,0,1,1,3,3,328
0.0,3,1,0,0,1,1,3,3,328
0.0,2,1,0,0,1,1,3,3,314
0.0,3,1,0,0,1,1,3,1,324
0.0,3,0,1,0,1,1,3,2,0
0.0,3,0,0,0,0,1,3,3,328
0.0,3,0,1,0,1,1,3,3,342
0.0,3,0,0,0,1,1,3,3,222
0.0,3,1,0,0,1,1,3,3,320
0.0,2,1,0,0,1,1,3,3,342
0.0,3,1,0,0,1,1,3,3,319
0.0,3,1,0,0,1,1,3,3,269
0.0,3,1,0,0,1,1,3,3,269
0.0,2,1,0,0,1,1,3,1,108
0.0,2,1,0,0,1,1,3,1,108
0.0,3,1,0,0,1,1,3,3,282
0.0,3,1,0,0,1,1,3,3,345
0.0,2,0,1,0,1,1,3,3,339
0.0,3,0,0,0,1,1,3,1,182
0.0,3,0,1,0,1,1,3,2,266
0.0,3,0,1,0,1,1,3,2,266
0.0,3,0,0,1,1,1,3,3,314
0.0,3,0,0,1,1,1,3,3,314
0.0,3,1,0,0,1,1,3,3,311
0.0,2,1,0,0,1,1,3,1,269
0.0,3,0,0,0,1,1,3,3,352
0.0,2,1,0,0,1,1,3,3,314
0.0,3,0,0,0,1,1,3,3,320
0.0,2,0,0,0,1,1,3,3,364
0.0,3,1,0,0,1,1,3,3,358
0.0,3,0,0,1,1,1,3,3,145
0.0,2,0,0,0,1,1,3,3,354
